texture_consistency,eye_blink_frequency,facial_boundary_consistency,color_consistency,lighting_consistency,noise_pattern_consistency,motion_smoothness,micro_expression_presence,compression_artifacts,background_foreground_consistency,label,is_real
0.15834384475434954,0.48376802610924363,0.4843889215628995,0.9479964455767795,0.15111429564004153,0.39990963791961537,0.11338876305312218,0.2994473489807629,0.5558826201910652,0.5093403854141484,0.0,Fake
0.9476091098451489,0.7796399407038599,1.0,0.6466218272865648,1.0,0.7796866175193972,0.6522872994578327,0.7503370090337577,0.6438639644068133,0.8136248919602874,1.0,Real
0.9158288899436976,0.928054545834057,0.8458095333043777,0.5785492630904274,0.9950147298451644,0.5780481910471968,0.795395319785855,0.6420211232496577,0.5654708382217839,0.799314361545522,1.0,Real
0.6092012773472681,0.24239044830197226,0.5095687559791533,0.7241949313994043,0.3590982952661504,0.4616672846423411,0.721329487312391,0.25364680578130494,0.4148917208705034,0.0,0.0,Fake
0.5132253074041622,0.06095894711755484,0.4832539344087046,0.8463570066503875,0.4654727050213323,0.3242681107295888,0.6313869491783501,0.25317630108303646,0.541053847441441,0.3422514210020914,0.0,Fake
0.7219692533757961,0.6840403412588738,0.9670466826530599,0.7794832164767362,0.9047766809202953,0.5271659440444543,0.7900575398803888,0.6771849134436696,0.4862632573991027,0.9098220562598027,1.0,Real
0.3986145278109712,0.3285470468378116,0.5940565792835434,0.7154376085784855,0.1974961521706803,0.5572605784144959,0.23089301296322812,0.5301066154663183,0.6898871966017419,0.26964099461167323,0.0,Fake
0.6125712126778137,0.6252266687654333,0.7399232564925967,0.6426360016333872,0.852307809856893,0.9730869233003892,0.6629920137944936,0.647339072924273,0.23107933500106714,0.8208003406378912,1.0,Real
0.6977021798388211,0.6976113443522357,0.7017547423173927,1.0,0.807290317834733,0.8145062470786605,0.9045425181047764,0.43526226821644953,0.09823965126704598,0.7205475226372533,1.0,Real
0.6804873460781307,0.6801405369644615,0.7862943407349051,0.4630079633013303,0.4912623251230451,0.6656568706138541,0.5980753319498364,0.5593171783232292,0.415356581675844,0.5381544447997063,1.0,Real
0.7904956313905611,0.2504858323229585,0.1935993014977926,0.7571167107047577,0.0,0.4443084760836411,0.0,0.10431123374684745,0.0,0.3327860614418214,0.0,Fake
0.7793767882646523,0.6032440833577453,0.8112379133571708,0.49461245936432396,0.9043733455988465,0.8208896223619564,0.7884044601470813,0.33892525323175154,0.6025757600554988,0.9021555097527195,1.0,Real
0.7062283096626684,0.5155213786955015,0.8824664665720738,0.7383244204480797,0.7229280129614062,1.0,0.7948129362548529,0.23507199249072636,0.4191060028983543,0.9222668563795132,1.0,Real
1.0,0.8968287076172693,0.7627977213847537,0.6287601417538611,0.6254333390165152,0.8283771157898636,0.8127597331333025,0.8415864110431368,0.8247458393604912,0.5245379547360274,1.0,Real
0.995994679405709,0.8613191236607838,0.7613150458352389,0.5097051282154248,0.7130906267805077,0.6235130107025713,1.0,0.38968240343933375,0.7909767335189657,0.8327228064060701,1.0,Real
0.9294947229968477,0.6585325643520927,0.7298974249990623,0.7522032292093795,0.632265253037664,0.8472420650765788,0.7318577777088328,0.6077231540364062,0.7332635703664997,0.6843812549514885,1.0,Real
0.7481629840729628,0.6154118442771253,0.7613706837290589,0.6484257432731833,0.8962679600126626,0.7279413927746792,0.6261754204811233,0.7576869914432905,0.699894385311339,0.6654413170794038,1.0,Real
0.9796126248515546,0.9328142777545975,0.7179835693604688,0.9736089205274928,0.7723001185803168,0.6994371043322941,0.657989600468859,0.7407171047018437,0.971131208650863,0.7755624333563231,1.0,Real
0.7406285084440007,0.5436369321065722,0.28373832336333543,0.6932118547053495,0.13296989468844034,0.18491789400420894,0.939818885061745,0.5989359161473573,0.07978512675839572,0.08550840865128595,0.0,Fake
1.0,0.7409008779278069,0.6437389849634306,0.5229428411080759,0.4795290485616083,0.5123796085491765,0.7900689976517226,0.6937318613514596,0.37848756074120504,0.8842557471114173,1.0,Real
0.690099144755607,0.29335639221095344,0.23688472642520192,0.8276686147570357,0.4936834846943282,0.3184506033537029,0.2216666359739235,0.6830703835247062,0.17876603186764994,0.3571132148065987,0.0,Fake
0.7940632403576563,0.7215404687075465,0.32931375514194317,0.5532117415017018,0.7691687003618318,0.6688884783498393,0.48578939755244654,0.18751953021251597,0.3401941318323926,0.3179279837910338,0.0,Fake
0.5872852921627757,0.3813945921936868,0.23269374608721288,0.8765777444776508,0.4929219581273236,0.0,0.5818148129911795,0.28274905226378555,0.43509798664804605,0.5894493847290456,0.0,Fake
0.7584974887345661,0.8294539131535096,0.7394251832911363,0.8229752465739303,0.759671162221518,0.4536800150469193,0.6090996909271869,0.7285268231301936,0.3228075822980067,0.8399893094994306,1.0,Real
0.4519019787335683,0.029945779099257996,0.1065434615559041,0.3394497098349204,0.17144249690162316,0.45272289284621925,0.3569427497505123,0.0,0.48099511684433793,0.512159729118342,0.0,Fake
0.6463214948336183,0.466514263761761,0.19001189865961313,0.6473832691597668,0.2713894485877198,0.5503263650417121,0.6286909055048863,0.4921098204595571,0.4358681645603468,0.42592792967719306,0.0,Fake
0.6174032960784773,0.537495498501385,0.6770132789055039,0.5781181344817021,0.13157168131425334,0.29926478449152377,0.2809670589100407,0.44785090701526553,0.48727071100290664,0.18222146519485272,0.0,Fake
0.7521012239168285,0.5960444351301575,0.2306051426557852,0.7676443952164715,0.2675558509951059,0.5326947464034812,0.4575259805899759,0.4356372495621152,0.294001339625104,0.0941938527560427,0.0,Fake
0.7138145913215506,0.8028083094771445,0.5622690863714334,0.9665646906109889,0.7376773232411147,0.9175943747382191,0.8014088019566556,0.5808161341905659,0.9687149182285162,0.8171562840025972,1.0,Real
0.7527627568784327,1.0,0.7990391060646244,0.7171349206786704,0.8744108371775233,0.4183297036488172,0.7853421837162848,0.6538916511037767,0.3370844564164017,0.9215631064810393,1.0,Real
0.8279019771361759,0.9799108369503866,0.7336859777314714,0.8102567583148412,0.8535215987566669,0.6898169292171246,0.7836138722715625,1.0,0.24577582241495827,0.63404853242168,1.0,Real
0.9378377867303358,0.26515273332039124,0.23603341435224823,0.45616839496569084,0.04656526066566413,0.5001158335043531,0.2667611190229492,0.12398613219192842,0.2599974284008372,0.6014298433725145,0.0,Fake
0.35351375216719993,0.0,0.2286269644285649,0.4379167499552116,0.0,0.25005396476967384,0.24475042869651575,0.6276675556416895,0.27299563765742724,0.42659779694818567,0.0,Fake
0.6683828996828711,0.7255810640891559,0.7561378763093581,0.5996718816327791,0.8611236518130189,0.6730179650292623,0.7157100126989973,0.43429745172708056,0.7149124995205927,0.7213458356099747,1.0,Real
0.7383237150242776,0.4716492383369937,0.08657361601068297,0.7264225677831537,0.149556596214655,0.19951295252939297,0.05664296187686457,0.24971957062287264,0.5450624916955957,0.4531256176887913,0.0,Fake
0.6271718848163313,0.40831273533639456,0.011865674478709565,0.7359786618773945,0.9010435487439803,0.2888778771692393,0.4961917952752432,0.21986803452632322,0.0,0.3159483506408189,0.0,Fake
0.7066414635798625,0.4594529594755934,0.45977676706347287,0.5150348042477717,0.32490914799941994,0.41557590483187146,0.3671786012586661,0.0,0.30404007388496124,0.17971871314793725,0.0,Fake
0.6075393146247846,0.4708241779177036,0.8107277504209578,0.6052844458775225,0.6018466479573598,0.5792881740801455,0.15532423239459303,0.551426667294632,0.41722899260524576,0.3045047480093184,0.0,Fake
0.6314288316832032,0.8207202535703993,1.0,0.9518130069232467,0.9889779939959096,0.6733176485353223,0.6015592769612128,0.5829511836263946,0.3487262047423728,0.9141287277706422,1.0,Real
0.4155174030312093,0.19452570303081865,0.6617578368993788,0.6869948295777687,0.6759284262225598,0.27546488320960505,0.3014602504349436,0.0,0.2590410565244614,0.1420386937946231,0.0,Fake
0.42873029634375914,0.4426577060236212,0.3587029337286932,0.7462014853326011,0.0,0.2906785081860403,0.3982643869833562,0.11979718327609856,0.42726466356231196,0.30910575580277566,0.0,Fake
0.5174004853400801,0.7602844462209041,0.5906544429410843,0.8210388645952772,0.6120863648649295,0.9824901607526308,0.6325120061495645,0.6024633366078032,0.6543662724553237,0.5653703525349068,1.0,Real
0.38887210204028066,0.44677533023760796,0.1295415700327153,0.6839542795212279,0.4317214615403535,0.2884383057722232,0.18228284031055375,0.1726638155433085,0.456963467269182,0.5957961004978124,0.0,Fake
0.5832813064594452,0.7869757167648007,0.8247332622745178,0.92102235577819,0.987081102985256,0.5977358712258197,0.6283713733184493,0.7081929460274886,0.6233843824921602,0.8199537561669502,1.0,Real
0.7319062939178277,0.2061781097101628,0.7599624191571852,0.8865108695780742,0.5064260003062918,0.19182012366648934,0.1940294107556722,0.5663969618499884,0.08008475768969353,0.2669572464189457,0.0,Fake
0.831942637200555,0.7509633404716407,0.6845421164210147,0.7335585294111254,0.7367455561191997,0.6944983455176809,0.7111805905999347,0.99623392635346,0.5349906145778589,0.7056779522956259,1.0,Real
0.4687241295531383,0.7672539118721126,0.725980080665004,0.8507010114675698,0.7819794942356534,0.6372046002391771,0.7021419096500072,0.6531395591915516,0.10650759597196768,0.7531967473007913,1.0,Real
0.8638392884680147,0.7921787135954064,0.7656301655927814,0.7406110308150716,0.6369053116699985,0.7078987384699839,0.4960564778706922,0.5321095200122563,0.4740934817754998,0.5844616024176343,1.0,Real
0.7966361348397006,0.9713034325424328,0.8786489434803029,0.7260092205054859,0.7471475688145967,0.5996205953043287,0.7472230296011415,1.0,0.6539566573638358,0.6259153584671515,1.0,Real
0.8284253232053249,0.6639449994092131,0.7463468111608526,1.0,1.0,0.8154485504511049,0.7557005217252301,0.6996650285031765,0.5918925264502476,0.5965811152202392,1.0,Real
0.5647775132080275,0.3437593022121832,0.3536033744088893,0.6894669457723575,0.07662832734383468,0.4685134547694661,0.0,0.2240230895272379,0.252345231509691,0.4766653652142477,0.0,Fake
0.6830227571899469,0.8784598191485209,0.7821140616195306,0.5631391831932018,0.7759771388776773,0.8077976069593256,0.6174213845698301,0.7296294530245074,0.7310341398286244,0.5785544553254065,1.0,Real
0.20853228217320197,0.4096316931981051,0.4777320337286205,0.4488295809320132,0.42352396804194214,0.37961788395965523,0.17378633266774152,0.20755584727018977,0.5873469240354662,0.6372670811411957,0.0,Fake
0.6359244545263847,0.2926411528523461,0.5019029774972216,0.8008584006417073,0.33803477129401927,0.4487120408668583,0.4081794115180012,0.0,0.1257512519811216,0.5358819969581631,0.0,Fake
0.4621843177051438,0.7460229186826175,0.759034531491154,1.0,0.7211458552828316,0.7952321013500419,0.7447932345442135,0.7967095627011732,0.35524514462000367,0.8627899549030161,1.0,Real
0.7700311357173424,0.7271295245429185,0.8562163015032885,0.8935053475191876,0.6321015809238075,0.5503150569663333,0.47456919403450554,0.6799195915037576,0.7021838972811043,0.42706641105712756,1.0,Real
0.5313588146313925,0.7390390148553866,0.0,0.7796341471323923,0.4240423779883482,0.46686283328706196,0.32990485588565893,0.3385218593996915,0.4321100170655233,0.3037861045084639,0.0,Fake
0.47437125216616427,0.6247828770422899,0.17952264678517926,0.7652411557551848,0.47649084332846015,0.255164364979207,0.19564560852142496,0.6719041331551946,0.39549917514641075,0.47719355014234754,0.0,Fake
0.6724067324849442,0.961402116027837,1.0,0.6955742159340511,0.6831746217898842,0.9680076715676551,0.9869358218596068,0.6668933572779895,0.6140426514235696,0.707732308670924,1.0,Real
0.33036459091450193,0.3560062958328164,0.0,0.7240884149757639,0.037701355511628065,0.6506839656857998,0.2839759812067099,0.3076666036137646,0.22445321878309885,0.2923922252155847,0.0,Fake
0.933155054328803,0.8373146555202924,0.7160273851725252,0.606084114491478,0.6941689835893421,0.9133122929556279,1.0,0.7536203404059951,0.6835912246590958,0.5820573850066484,1.0,Real
0.489364550930546,0.4639520714397294,0.38909634631065815,0.7537516766614004,0.43719507790000917,0.0,0.4864138980125262,0.37523558073239344,0.3055050206443469,0.7593724391439116,0.0,Fake
0.5790064584872752,0.4071606573589466,0.18096920831476818,0.44998548898162033,0.3432149548144182,0.03104880836733348,0.43413992620369574,0.23441584463345785,0.5262293441626738,0.35026513774688145,0.0,Fake
0.7904923941072339,0.0,0.5036414433263474,0.7141931567004036,0.45165372793491787,1.0,0.0,0.6949393299522217,0.29251049611992885,0.4074657808806018,0.0,Fake
0.7275211624462417,0.5078113374751038,0.36676532558587216,0.5528011095223803,0.43195255919189945,0.17778241796528588,0.6306739940250381,0.4895806545078055,0.26139119577430353,0.2541014065201513,0.0,Fake
0.6040212933738196,0.3921336930406221,0.3919068460525589,0.5708906254906991,0.39676960515791965,0.557088683283389,0.18278756957999504,0.6348991642493895,0.3316587951709748,0.17244609769229183,0.0,Fake
0.7572812423991633,0.323987941289276,0.6838139051652662,0.665842057774637,0.6729557581419703,0.2855943691015883,0.6150864218190157,0.06863699810049234,0.46718084023292983,0.20264597281047558,0.0,Fake
0.7433178679519303,0.3178737760949011,0.2531652097502526,0.41898380440680744,0.31492430882026184,0.44830112944935674,0.34814228768643685,0.4113962145372475,0.7126815397030846,0.2814242276884872,0.0,Fake
0.4501656546793516,0.2228884317191193,0.6977702703706663,0.5973262404080804,0.7165114086958404,0.5128303524236533,0.4464133454670772,0.42374662946350394,0.4287594596432503,0.0,0.0,Fake
0.742580443552135,0.8512229238249905,0.5815916967656553,0.8073614619276076,0.7749678312319584,0.8238676896012224,0.7933752965861727,0.8412590004182693,0.35706479635080446,0.6703504567497274,1.0,Real
0.8690295240904828,0.2452537394457156,0.07828519694850511,0.7249983726039766,0.0,0.3297438562596934,0.2303124838837906,0.15668242180293693,0.3363753149664094,0.4227941261705476,0.0,Fake
0.8631016581880208,0.5190315942368643,0.34022056330517886,0.7685986421630148,0.33951910988450607,0.6908211032510982,0.5993783431069439,0.3375991981267936,0.5402898554116173,0.2766985959263896,0.0,Fake
0.6837519920254993,0.6402002876262671,0.5258834082274806,0.4927612422304628,0.6252992900039076,0.41262642800263105,0.48741315917178324,0.6433081718557205,0.12768395009728972,0.3428348842587074,0.0,Fake
1.0,1.0,0.8457076652161135,0.8251266712416685,0.47984133987708916,0.6685989300398968,0.6318324372137641,0.6417414625985435,0.39169215082125575,0.6791864133454308,1.0,Real
1.0,0.1921322988560651,0.34859100290388906,0.5893930144753061,0.27562842354426687,0.2043076756639314,0.4139049341565911,0.680723453698457,0.37797744656782545,0.5492236429822258,0.0,Fake
0.9089904576069933,0.8425508924365046,0.8525353984800716,0.5451066433199199,0.9317915978079601,0.7891875796850784,0.6946084291130695,1.0,0.7362877160712044,0.8112979217221006,1.0,Real
0.6996322951064807,1.0,0.7110612972954593,0.5245285570322841,0.7131385403871083,0.7090914645378494,0.34546700355876425,0.7987303551080347,0.38582766359314674,0.8544309547220128,1.0,Real
0.9070976559932172,0.925438498864166,0.7155913883897959,0.7434784575279206,0.5203338746166417,0.8271382134026752,0.8358086162571217,0.8001745558802664,0.4553100408492267,0.6998884153530089,1.0,Real
0.24618993925212018,0.30887442927135045,0.36656651410361996,0.8295292363782281,0.699627413824167,0.5580123639805152,0.2020457672054065,0.08307787861795346,0.2728654738044303,0.4369005292182611,0.0,Fake
0.8391062776173419,0.3063908209215252,0.180473214276183,0.71608119430602,0.13207339253152228,0.19304761837445927,0.2758983802819942,0.06888659616427156,0.3531236667899206,0.5304554347573294,0.0,Fake
0.8583572036741657,0.6940750271862349,1.0,0.6900545721578096,0.7837027088627829,0.8898886247809634,0.5372451400600453,0.7993222729204315,0.07680945560248709,0.9393876155140773,1.0,Real
0.4784862416440888,0.7280881370311565,0.3598616663040445,0.4643271473323175,0.22835469851104812,0.4226231255489047,0.41222199822863903,0.0,0.753055022092128,0.6081288921845094,0.0,Fake
0.704792102415347,0.2504855003381572,0.5799344037757495,0.8250404807256022,0.6035303022375947,0.40774560060196724,0.1185766762573458,0.08337432904443864,0.03969755018821414,0.4824103669516946,0.0,Fake
0.5692189546050624,0.5178937009036809,0.5936389423508512,0.642018757615336,0.5244394000145955,0.28698265376117826,0.2356507916087877,0.4165215020648395,0.5366256144682139,0.30545585984467855,0.0,Fake
0.5949011742829601,0.07949826211185551,0.033282322042483936,0.7204896093383129,0.3071864604544277,0.42588107952102194,0.4880945372243026,0.4031233986345067,0.48155263523007474,0.3360935427515461,0.0,Fake
0.3463726390049375,0.38523796450053843,0.21663025660968724,0.8866847740532883,0.22850554247593852,0.26912760146199544,0.2127441728489831,0.0634657420520694,0.37916729404307675,0.4670598873032676,0.0,Fake
0.5232250517338434,0.14403763029163097,0.3253311871907779,0.8728972154892538,0.21886245610771124,0.3028577510286663,0.16210735160280343,0.5738489835128192,0.29110884848239316,0.6405511090252366,0.0,Fake
1.0,0.7213644312409052,0.8579636913222273,0.5560090563193254,0.6065345434772986,0.8208609416820566,0.9726174042803948,1.0,0.928861202088062,0.7498937108135031,1.0,Real
0.34580965578154343,0.1986472045968147,0.0,0.36646387480942044,0.5416771639684085,0.36033219537021594,0.3958149376411405,0.5648636025431123,0.3948679313556165,0.5308035109522629,0.0,Fake
0.6457930303366413,0.6886076342830344,0.6713867403098112,0.7728532308050583,0.6266370101426699,0.9181546000986707,0.7500310597377295,1.0,0.7940101798389867,0.7732786025788468,1.0,Real
0.6530659035234295,1.0,0.570954475236528,0.8878731260415003,0.9000873477064467,0.6494069686385032,0.9588697950096493,0.25899024593634346,0.39675418218232766,0.7890482758156832,1.0,Real
0.5250931698499498,0.0,0.1358295162631122,0.8795366423142028,0.09390888579950663,0.38789596424421613,0.5514887946390397,0.09901546639954145,0.3869420949562166,0.537583107502131,0.0,Fake
0.7349768885280071,0.7194489374734552,0.6183026119865158,0.625967946894021,0.716028166214771,0.8051048260224267,0.8870376939349874,0.6478265725930056,0.5515682890461047,0.7093314598436147,1.0,Real
0.871837898832805,0.6556062718775666,0.5275007934828119,0.4719569811639085,0.3620171989230327,0.4276624010846899,0.5999009801412317,0.08344452050407003,0.28011213455660877,0.19548625024875182,0.0,Fake
0.6780732388790751,0.2712940288060542,0.3857389433620951,0.6019805656412789,0.4706189369897667,0.17989294425059119,0.8470379833357783,0.4029550621955959,0.6050781475998029,0.31965711328455415,0.0,Fake
0.7875739275518815,0.8019672314245464,0.6479962917632264,0.7848380545741506,0.7939608709948022,0.6428472872960448,1.0,0.5476472884115393,0.3453487433349804,0.8484830412950745,1.0,Real
0.700916362895478,0.17098603154467903,0.4694456436506769,0.7939652008680916,0.4426412584198246,0.07657243870795083,0.5196348425333336,0.10349533704629815,0.4604599875359046,0.47512618672920015,0.0,Fake
0.5679161236049304,0.04667149011584171,0.6453868852236548,0.6792876498007777,0.39335511275252577,0.13053949447343116,0.23222663465226076,0.1825475137900599,0.22842494786483641,0.24217545937020424,0.0,Fake
0.8545431606766103,0.6999270765365985,0.9259686956379962,0.8054463288297141,0.7339046783993657,0.8171575388715416,0.5143685771897251,0.5229180239542526,0.3995138895162058,0.7714414642145561,1.0,Real
0.7214941447497758,0.6963831865784359,0.7229412477356388,0.9559272712014795,0.418220713300574,0.9800150551944489,0.5364064271324782,0.5472198746702314,0.46833168812273906,0.838282990465608,1.0,Real
0.7589898945399493,0.7916065406937287,0.9540987893757976,0.5536769401321332,0.2970731766268762,0.7775774317130543,1.0,0.6798912179326619,0.9761480233243442,0.6762545721551929,1.0,Real
0.7234579158758926,0.630255413319232,0.5431021157978209,0.6403604940087122,0.7450309540689304,1.0,0.6723583051445743,0.7510042176547534,0.34961810247386466,0.9282589910172125,1.0,Real
0.37508914276896405,1.0,0.5415641299854606,0.5031901879564662,0.903385564801446,1.0,0.9576409227765778,0.9846727892305047,0.8908072437830626,0.8780123338170461,1.0,Real
0.8656113777973935,0.4704236640784967,0.3644073722567489,0.6025952770579178,0.15961630799555285,0.3654961037037725,0.40155050802855013,0.1016478849036751,0.41683528344897947,0.3189481902350502,0.0,Fake
0.7266152733094998,0.6677569055264099,0.7740027338779182,0.8252674104251317,0.9176098223853691,0.967274884483939,0.6960347031316372,0.8905153010450455,0.6570855126651813,0.7890420759874329,1.0,Real
0.5608674068497432,0.8876792920582164,1.0,0.904869789082672,0.522094505106898,0.6773648890700623,0.9400366723779934,0.4030976003155208,0.7458396776310079,0.8661951080144005,1.0,Real
0.4750979089822845,0.22756661656903582,0.4482415330823992,0.7328445873783962,0.32212055986735316,0.49793063034493423,0.0,0.6136604649705338,0.36453610486586824,0.2677013710875639,0.0,Fake
0.7986125954092193,0.6922376579375525,0.6484616999541062,0.8417514433261302,0.9046499283743926,0.8896920178674298,0.6241173715166042,0.395153576184641,0.2665424107984115,0.8963317690683539,1.0,Real
0.7658841679672851,0.8376619470708726,1.0,0.5153637582433424,0.9925818862452935,0.7656533906284819,0.6151823927515307,1.0,0.5075369105805674,0.8882475167886689,1.0,Real
0.9136364859054652,0.12954605190882887,0.4195123227607104,0.8622271129449611,0.42113378971264587,0.38831547923881793,0.4512481978611852,0.6394611398783613,0.4636206410257292,0.14006890021801174,0.0,Fake
0.5624388399045424,0.840677298953305,0.8823499593485113,0.682186450075038,0.6794936778360747,0.7898817344478073,0.6844920395939107,0.6526900729238586,0.6454335422406273,0.7129461448881005,1.0,Real
0.8516888807008903,0.6768132887781446,1.0,0.6591427615494992,0.861314305801396,0.7948938870609737,0.9452611934098197,0.5115298451532412,0.2173237171672685,0.6369873194480725,1.0,Real
0.9110447624789658,0.596022705088341,0.7699454511220314,0.6449818777591241,0.9292569943387263,0.5215219642824338,0.6661617229092618,0.37160832380965375,0.12452444249541617,0.7401374608390519,1.0,Real
0.7414064719221569,0.4487309695286302,0.6092126123562792,0.9508398856146291,0.2768988126029468,0.31974015595349553,0.07084215956150292,0.46826984835168006,0.20520193365147815,0.3109219297645952,0.0,Fake
0.7766551501399881,0.5496983461934848,0.8070296776508945,0.8415878617925735,0.833968567189656,0.9121171088331933,0.8750883231823356,0.7168877029697043,0.6688971089821456,0.5008558599726013,1.0,Real
0.9109467071649018,1.0,0.6321020951047527,0.5428433095269338,0.7955727893407314,0.8582343757689215,0.7153700439232846,0.3382426009952317,0.38708121946089613,0.8539377934547416,1.0,Real
0.6789159970968439,0.37572349008099326,0.30486872385754965,0.9052119025732901,0.47746493660461453,0.6732600085443833,0.07145290556660067,0.34308987520920725,0.02665732501039708,0.30412353362890654,0.0,Fake
0.6473055261359995,0.8685938398744153,0.4544844273432247,0.8838896007448964,0.5683242106078829,0.8596146178599786,0.7521409601754652,0.4642415837095083,0.4249505457260011,0.8529477685435051,1.0,Real
0.8189958214408675,0.6483426945371841,1.0,0.7704802996624106,0.6952017673031837,0.7777020458797362,0.5479310565705455,0.5181921450222711,0.0055080669513281055,0.6514658581542907,1.0,Real
0.5911277088976876,0.2090543128778232,0.0424830407101649,0.2650729180197277,0.26081125722776793,0.37262809141060454,0.2773766677688867,0.0,0.2723306123397683,0.2888761777863374,0.0,Fake
0.8691397019432741,0.5618565865246126,0.7940336898249944,0.5465127293064893,0.819964497365029,0.7446537776553774,0.5077302276141735,1.0,0.837566848974574,0.6284621344478428,1.0,Real
0.3127492270143764,0.5755560501267797,0.36722217365179555,0.565972736122108,0.5480332477918578,0.3065737850107595,0.4553073367344614,0.2545178587614399,0.2200346229005127,0.3668336460371392,0.0,Fake
0.7141601851245458,0.6949763382277969,0.6912362776434268,0.6116384723252246,0.9923063534204163,0.701651929618299,0.9325737781238245,0.6198771970740135,0.056009175027095126,0.6852569530922927,1.0,Real
0.804209340826262,0.9807054849698954,0.7446260941335072,0.9846965483721009,0.35703823438653837,0.8732853756562836,0.7630570602357257,0.7475549642168676,0.3653256254176094,0.4518646628098661,1.0,Real
0.5787466328799742,0.7209510811080423,0.6424766519095793,0.47001950743904103,0.7375978971235951,0.7317378737425074,0.9770174614863196,0.4795550714005352,0.45066918686215957,1.0,1.0,Real
0.6054361610684084,0.6064273627657436,0.8015681822324828,0.7427021472644323,0.754919549311738,0.6362256997949896,0.7154398928691349,0.6859828739092834,0.37213445147907387,0.9052874002085629,1.0,Real
0.8895592836915731,0.6781229126976575,0.980411346902417,0.7056312762230231,0.398576402630055,0.0,0.4606298312758418,0.24035994036664543,0.7346891589649907,0.19507700599628358,0.0,Fake
0.8337490368782583,0.7614008087118618,0.8308133988669554,0.611898961038095,0.7754041236054117,0.537942825464253,0.733316090797695,0.5952541495666479,1.0,0.9354139762815656,1.0,Real
0.4040148850435511,0.9236806111333536,0.016280148224360913,0.6104657822902042,0.3154396525207071,0.504384030967335,0.43826143033984916,0.20336876057800066,0.395799278491868,0.0,0.0,Fake
0.8369449759820363,0.798869447487325,0.7791576452366004,0.6970250560783967,0.8007725765192537,0.7056897884791455,0.7752691464404421,0.8447244498855694,0.7111488581037941,0.9209817841693568,1.0,Real
0.8256479566537676,0.06675458884147084,0.11976925268942612,0.8590215728006905,0.18812383578344916,0.5413406372771317,0.4533893031496742,0.3056973474095752,0.34553994325638937,0.21222289148491885,0.0,Fake
0.717347819515917,0.9148165277980785,0.8738124523482045,0.8720264454000958,0.9458218210731494,0.7531505762449139,0.8522929456942446,0.9008676721514679,0.714763585978355,0.7304785418448473,1.0,Real
0.4054470966479998,0.1779229978440996,0.2672788933156711,0.7442848862560905,0.4613106249067516,0.0829036861800217,0.4472072578835274,0.040539202212326875,0.5665382107774146,0.25577506963642427,0.0,Fake
0.477092243261781,0.6870028557417018,0.46257617203487095,0.5745862494670559,0.7474122223398882,0.24380582043760707,0.2829724437657096,0.4184675668979243,0.6608320841429548,0.5207951953104447,0.0,Fake
0.5634205146913073,0.646064220330614,0.6422389101646204,0.8842386565416662,0.7057575482561959,0.93716131090106,0.6489764063634197,0.5627689116985031,0.26860322149200777,1.0,1.0,Real
0.3570387728222713,0.2987438351496855,0.30281669413757517,0.6042121262282454,0.24304866583113535,0.4089942911417643,0.050548470964271064,0.6061879153333455,0.21691554037410787,0.4943806970876283,0.0,Fake
0.39056848626194707,0.0,0.3953368496989194,0.46833492276276334,0.2393820366171735,0.48917276781875707,0.5846884553264889,0.2954910557276381,0.2818802586180277,0.4500286066227767,0.0,Fake
0.6596903627962879,0.24434059066740416,0.5572175302092512,0.4749285176255497,0.15597514792407124,0.2704884469016557,0.5975307515023996,0.4259535272081792,0.1563908482979509,0.2879384589230192,0.0,Fake
0.5604759064408068,0.25889209479522585,0.17215183435433512,0.7209246694221187,0.5252093585059588,0.6445341351501963,0.22920387480615406,0.30409026892793056,0.022103167494913145,0.2715057787878254,0.0,Fake
0.47307182066428594,0.6105733709711385,0.5255206117364881,0.6524964098389653,0.7374843045314459,0.5325532170452205,0.6117210280312031,0.8175661070458962,0.4538857802557271,0.7604016505554375,1.0,Real
0.5655675608321374,0.8245048834854782,0.680203431482992,0.7341077468543796,1.0,0.524554450740727,0.788060949224186,0.5317430422396211,0.4147482835542752,0.7646974730206343,1.0,Real
0.7506838927004862,0.24885065914761262,0.13821848258867986,0.8046380455508798,0.742517438106159,0.35073913436956944,0.5522926070816713,0.6182951831061763,0.20150315349232317,0.2529388329264263,0.0,Fake
0.7713474842940917,0.6952453091271265,0.17253410822884574,0.7052331920634113,0.42125055774121667,0.6023038505071032,0.2165621830444989,0.20340622017524818,0.5692139814954797,0.4350642616660221,0.0,Fake
0.8567422317133335,0.5813036862243196,0.5198828743896566,0.9416515232847764,0.7998471017969387,0.637727019516517,0.9826727963283785,0.31154583367133426,0.6641720026825998,0.7601277722115164,1.0,Real
0.8076098173408961,0.745095787785886,0.43988368499401853,0.7366319940730818,0.554329574924272,0.8504508823245057,0.8049897369145272,0.8156117629786619,0.8806861167212839,0.5911179717166573,1.0,Real
0.6404560815242438,0.33379080705565123,0.14831025349053004,0.5173894309754572,0.05559258539464168,0.07523303502026796,0.6256939254923009,0.3731649174453892,0.42792090481839756,0.0,0.0,Fake
0.3042906126002402,0.3504575872287008,0.5640730320459859,0.7609084183642121,0.3278374879441825,0.2723513892956922,0.33881591029555735,0.41759150564642367,0.5282607373739511,0.3508459717988303,0.0,Fake
0.547648341955781,0.023732977916585296,0.44605210028118497,0.883578387781389,0.5145565561668005,0.15746979761620472,0.4885538063697721,0.5711666132589426,0.522287305126561,0.40026332964762046,0.0,Fake
0.8889266321297462,1.0,0.5402148639271288,0.8344453855035856,0.6524036146317259,0.6769311924352956,0.6611409113641696,0.795812729000473,0.4978329071948836,0.6253574825383443,1.0,Real
0.48716076402790265,0.3883795471746072,0.7396685289579626,0.9510162828434476,0.21922032233488467,0.3554626759702877,0.3405258594911128,0.03356464733077452,0.1619202167031293,0.23784781860402793,0.0,Fake
0.8997015164789478,0.31556169327094663,1.0,0.7290615557767239,0.9162274225106275,0.5940141109311704,0.8419160857593855,0.5538704117023517,0.5384346956834144,1.0,1.0,Real
0.7298536887794178,0.8716212409739673,0.8690233080828319,0.4877202040142729,0.9456510364317229,0.5006262017946489,0.9048819306512486,0.5762121121937076,0.5357397082867646,0.6883778568068123,1.0,Real
1.0,1.0,0.712655377728139,0.8957356426431533,0.8468063924377721,0.9552947336298523,0.6052614809129844,0.6159228469223609,0.17596029670883762,0.48618907703653286,1.0,Real
0.868654792056457,0.6135918817807892,0.9604191466404148,0.5397223405811579,0.8380285640700406,1.0,0.6014195512303968,0.6517567309796296,0.6181053491634025,0.6744786518825702,1.0,Real
0.594156718829203,0.37807197396960934,0.0,1.0,0.3128308495614505,0.411999796633111,0.3386823022200208,0.5937941579587327,0.0,0.378717587301032,0.0,Fake
0.9797469962710478,0.38924818813334405,0.45915734270647107,1.0,0.34837735967764993,0.38161784506463686,0.29449114873688964,0.6082547678031758,0.43435601485017417,0.6120383816161794,0.0,Fake
1.0,0.681167360569659,0.9118021250146944,0.7442237295748939,0.7241059050088771,0.8825489906230009,0.847848431762013,0.7300471711053551,0.41510219481571714,0.9570137031221178,1.0,Real
0.7996320348321686,0.8750293442413387,0.4509396536142817,0.8061084854771359,0.9341503488709938,0.5685538471963192,1.0,0.5132731435427225,0.7349188670294584,0.7416346383513441,1.0,Real
0.6775408422474841,0.7720189517978324,0.9918330942383137,0.8845258973798298,0.7097204028141252,0.6163211661877068,0.42722768980060427,0.5607358969531311,0.3956969383380097,0.6019230709273224,1.0,Real
0.5710242876104226,0.33852092698519276,0.07091029904898555,0.5502338720684923,0.29745065046269914,0.03082120628517726,0.2021942683953534,0.48046606763533595,0.6354610728578433,0.26611304946828984,0.0,Fake
0.8481548484531086,0.7416622993634318,0.7919952939479731,0.5811766429052435,1.0,0.7693831772962841,0.7664092191907339,0.8593823588976279,0.8584310695840482,0.7835826036418697,1.0,Real
0.7059049578503727,0.73926011222129,0.5223189379978785,0.6964456198790085,0.883557474527968,0.836280752415985,0.8250998582071815,0.5986109749756438,0.5591957082935587,0.650951829078983,1.0,Real
0.9431815262265388,0.4542559810027629,0.4143357082753,0.890659798901055,0.15097030362932407,0.31369936757286654,0.0,0.3856953327770779,0.6357715415627134,0.05517357359157882,0.0,Fake
0.9077921426584378,0.6002909059028381,0.6924043092071472,0.7875300309377542,1.0,1.0,0.8410084588704274,1.0,1.0,0.8831483138810754,1.0,Real
0.7462459561882284,0.8726649448800431,0.958531132352597,0.8336715459527794,0.7515528929765071,0.5532245651474761,0.5902329505386941,0.8187679019283475,0.39505696793653067,0.7219543045521831,1.0,Real
0.798203582317541,0.8132881131352927,0.9920566903587971,0.8180301452270969,0.7133765047064027,0.8946130752432536,0.9284205733386961,0.36915208674768224,0.3181116672970681,0.8551759113466347,1.0,Real
0.6040834334425836,0.41104862530627057,0.4674783399612024,0.5502539837063417,0.4394787874137951,0.24975317844195744,0.26029143269442767,0.3977109907547478,0.0918877156107562,0.3213482169271614,0.0,Fake
0.6676714883871919,0.14644713818460936,0.14451928969479777,0.7806652285552725,0.47890369832905827,0.5356491382688648,0.2506936529036062,0.11930151480304318,0.4035687275732667,0.18529300587483008,0.0,Fake
0.8346908888840401,0.5970503491961827,0.7464671773688643,0.7238468613145747,0.7837961883061413,0.6945709606749962,0.7302791106492499,0.7808862054211243,1.0,0.5090134348891981,1.0,Real
0.9369127788746443,0.43899146513877757,0.6985968608879477,0.6942838701006313,0.5388732457923269,0.6333274968613687,0.5834136231801257,0.9715156612799021,0.4948654427108657,0.9407332642491238,1.0,Real
0.4840451297689678,0.9392882251070988,0.6141401548706071,0.651935049202677,0.6606508058934761,0.9561657139756226,0.4296488679031957,0.5642690946166934,0.49452793217693286,0.7834858371193739,1.0,Real
0.4434802805162822,0.20804220155329295,0.5457779117113558,0.4781834314230571,0.6717561711468747,0.5156459380369245,0.5681723341207396,0.2574120975949483,0.3200118561841781,0.06336963709505755,0.0,Fake
0.8635482924968028,0.6116752013733562,0.880440888015849,0.9533456788207426,0.8120152354835551,1.0,0.633931620134464,0.5889622309038497,0.48189749584907826,0.9744066467233774,1.0,Real
0.5376943886924379,0.6869032015851961,0.6985928225209845,0.6296584096167572,0.7258071432500987,0.8106076285221807,1.0,0.9696643615282067,0.8631351827573077,0.7388331126350749,1.0,Real
0.6266669406650353,0.7865530817237868,0.7867449856663085,0.6739585236943305,0.6793442541572516,0.7848074906036454,0.5327873487754013,0.7931468482341681,0.954696909915217,0.7179829272432229,1.0,Real
0.5623595122454358,0.2245373108097394,0.3590445417999965,0.7364701982707733,0.24964316143769358,0.07550689042317982,0.4145949007235336,0.3377992056289233,0.4500480938873139,0.24327993871216658,0.0,Fake
0.4509664459365299,0.6067633719707122,0.6089971169633912,0.8748874780382834,0.5191605745125856,0.45281251048495513,0.2577660535930762,0.501312934982628,0.07110098622814764,0.5607783104591766,0.0,Fake
0.4978021659608546,0.31348620512409175,0.1520084414895972,0.614994233791742,0.187799827274231,0.1271907099676013,0.4017322295710776,0.39254795517153207,0.5065747469897145,0.2637748860849802,0.0,Fake
0.6561655947735706,0.8093705300156113,0.8241045279424108,0.7891010648735861,0.667454226923187,0.6492564948092923,0.7461668893512832,0.690330581025851,0.7737276390067064,0.6944078501870841,1.0,Real
0.43884006902315903,0.3862502325204101,0.44205432499646075,0.6418052546638822,0.14606093605822862,0.3912723542650901,0.6424391877435274,0.4397271529029054,0.5423974378143682,0.30259760599747443,0.0,Fake
0.7307193732841604,0.46772264317535417,0.6676912638388558,0.7639267351711672,0.77397845879961,0.5958487288611063,0.9398561761297051,0.8580861785289678,0.7219832430128571,0.8140791542807527,1.0,Real
0.8045682943101529,0.31322922136815806,0.1808653791011774,0.9987055627625356,0.33747035557563565,0.39824804968134586,0.3669010291385725,0.5095989099224473,0.5347017232094737,0.13987533563443974,0.0,Fake
0.5964210045983299,0.5274159552892574,0.4073548224765172,0.7701925633197777,0.4629684717200245,0.677159561227163,0.30579150729258986,0.36387396053161386,0.388519383746261,0.8284219270547986,0.0,Fake
0.6151152745340075,0.28342791912349774,0.3313226282200103,0.3543682096084049,0.04710593816384656,0.4143186422678477,0.7009866143294483,0.3536803261566876,0.39505282344950987,0.4885445510233719,0.0,Fake
0.9475672601009798,0.7322897209513382,0.4317217651487108,0.6588267019358351,0.9445491819841664,0.7465697906551677,0.6001046651557633,0.5492860762184565,0.4543869005826775,0.8320100352302069,1.0,Real
0.8464084139801316,0.9493728795198647,0.7794781754552205,0.8563505636382769,0.736539645856916,0.9660175823174209,0.6485411546911095,0.8278307649575612,0.48129942381182805,0.5353837346822927,1.0,Real
0.8082867906796446,1.0,0.749089363269016,0.8757736161677463,0.7622744037821347,0.7351665520213286,0.8878614724481653,0.6695654349415846,0.4107173568569422,0.798254670929402,1.0,Real
0.30686522853158094,0.0,0.6568964203589029,0.7778189526177581,0.2580470768339047,0.4586781655743619,0.3506295453812653,0.5959980736877366,0.5465366285539882,0.06998585536339813,0.0,Fake
0.6441167075474721,0.03642811492690878,0.41934199552098395,0.43026778908863383,0.0,0.3435438777901059,0.4781085870149547,0.37461564033123623,0.3273743894968519,0.09015672731083513,0.0,Fake
0.6186316675399485,0.22314283046211936,0.30280600255780565,0.4309118330212055,0.43430921670731226,0.40336367925908034,0.2821755441459922,0.42401222305379105,0.3252534639800487,0.44156112198515696,0.0,Fake
0.6256507483616891,0.6659728439704545,0.8620940407684893,0.8415555398150197,0.7468647609053778,0.7675991074963173,0.9416497343682637,0.4027728407939075,0.3897296833654112,0.7196711021349159,1.0,Real
0.4880907429421062,0.3937068084821891,0.5518943577191937,0.8073239645154228,0.05019680790831971,0.33163104713300895,0.33251293424456374,0.45966392551089974,0.5399189142728976,0.33811696374550115,0.0,Fake
0.7963249518898445,1.0,0.7861129769232852,1.0,0.8348264468447316,0.48588558612662736,0.8630012431656798,0.6746959618329189,0.7507886856535055,0.8509772026904937,1.0,Real
0.5200200019781367,0.7198724282772762,0.518621066464648,0.6098310170996729,0.23399673346926303,0.11871683665122862,0.5200158664835106,0.43353615044788013,0.3714888748681785,0.42747429612659793,0.0,Fake
0.6733628086570884,0.2675172363567039,0.40143979407118546,0.7481937206136081,0.3515760369389456,0.28487778957029924,0.31713295882292175,0.39241867061483504,0.15132826008360983,0.1468242346020043,0.0,Fake
0.7687836753971861,0.685589168831212,0.7683446254548426,0.8314947043554581,0.7573290105488556,0.7560887536805824,0.6447012468289867,0.37388025882006976,0.23943836661269274,1.0,1.0,Real
0.7729648876982023,0.4340383085789983,0.1787003525181602,0.9088683912224601,0.09710031860900686,0.0,0.27343656207740624,0.32525421074503275,0.27046406127707917,0.11319388835548808,0.0,Fake
0.8678700237976248,0.8138186342677447,0.604953578530618,0.7428432965787031,0.7494596191364148,0.5762452966211186,0.9755097452650726,0.49662719239908953,0.05027777328468758,0.7540328758491797,1.0,Real
0.7458727642424046,1.0,0.9991888821821805,0.6814355615120592,0.6596681909457329,0.8203161384112536,0.6002421841217562,0.47614260260227126,0.33711500505517034,0.9340399835826462,1.0,Real
0.5725112231001337,0.44411517333598494,0.7095889748333163,0.8576313383693943,0.9753535578144041,0.7611142170629662,0.9942923318356938,0.48743528193268704,0.32044695837255216,0.7416678451655072,1.0,Real
0.8237264668308424,0.1891368480680015,0.5290710861525199,0.7678101757389506,0.4006330476075962,0.5140688025224912,0.34327748705925737,0.44094818242822686,0.24671407122248562,0.31070668331438056,0.0,Fake
0.5663230155054295,0.20438458042893573,0.42466971194227965,0.6014297556582913,0.5885470330832829,0.09842636881822242,0.49627605051499846,0.4680844122502927,0.32157069261189075,0.417737463584338,0.0,Fake
0.8710683894955965,0.6039680700443297,0.8214536654034329,0.825820523874994,0.909031486124832,1.0,0.808862395076815,0.8041500419237575,0.2729718854352827,0.4846386142666323,1.0,Real
0.7038332647570499,0.7828725491495908,0.7874075525566133,0.9866179919645212,0.7357056701419572,0.7918532288655509,0.8411844764574808,0.508845303380927,0.6569535987882258,0.7791134989347461,1.0,Real
0.7800853795846414,0.9222956024143073,0.5976267271532405,0.7592519774771957,0.8143224750495859,0.8539658410894716,0.7764662332915838,0.6131708368633596,0.4986789951259372,0.7629215824569562,1.0,Real
0.5779989002597897,0.23851538937833572,0.26740043557131316,0.8046961045195146,0.3437121659250447,0.18031427316183704,0.46462556264824,0.0,0.2780740655095075,0.4102214678383484,0.0,Fake
0.616597483762502,0.06888738922874266,0.15300137483659693,0.3216583123768074,0.3341865316270887,0.23417517807285068,0.2538332420976041,0.4892335994318578,0.24646148542615703,0.33238175119418534,0.0,Fake
0.6420992597843007,0.1651068023740891,0.6625777537016395,1.0,0.30132320412499636,0.29003236074502386,0.7308273179146014,0.6751917830724127,0.7937560466896267,0.31819095791998975,0.0,Fake
0.641739366999412,0.7765231308209097,0.6679979873119102,0.709251733451092,1.0,0.9510691577685522,0.5550628144608604,0.6296010566728136,0.4472437658742068,0.5777605066871072,1.0,Real
0.8046113110504478,0.43989478256646136,0.7672094099074227,0.6820570563446843,0.27770744666120284,0.4332892076202905,0.33921903019885213,0.15353928392453706,0.5743715712460942,0.8140081444034519,0.0,Fake
0.4465865089199399,0.45359895527829036,0.3552409505548071,0.8028786727912628,0.33381653246746235,0.0,0.39212016785952836,0.25230478397792805,0.6685339996565768,0.35386881416235083,0.0,Fake
0.5565682385726286,0.5615628361641593,0.2321775734437746,0.7038077916958407,0.31441642483912036,0.16743781614069736,0.2665139236021135,0.41881078431269325,0.41966834784922535,0.1704339867148741,0.0,Fake
0.5269518045020307,0.2567009241543604,0.4780959590401648,0.6572744593386698,0.4148114056443121,0.1204617220368665,0.3670418899267802,0.0,0.312620768367603,0.023905351256971907,0.0,Fake
0.48518348458254607,0.3651389880010187,0.48711794925968327,0.9385605352860458,0.5832741091338505,0.45619513239281806,0.0,0.24410660729859832,0.23763158012966018,0.44587219068588446,0.0,Fake
0.6719477950253576,0.04762331608735726,0.5818762086601044,0.8771484857958507,0.19418145212465987,0.3906471909172062,0.2584733501324769,0.38713771608374775,0.6518262026809101,0.4711212465262626,0.0,Fake
0.7429619131681224,0.8215561240834682,0.7615232836590383,0.5575511663717145,0.899440022917071,0.6759365125258031,0.5165127152010374,0.6592158443266303,0.3237630417654835,0.8775332613170239,1.0,Real
0.6014725362847134,0.32253780684222405,0.5415583228945811,0.888642858453904,0.41153533068022274,0.1308961222308875,0.17384918207945393,0.7097450036702624,0.20295979304735065,0.6812416504114591,0.0,Fake
0.7158693519513551,0.18477760165709156,0.2125971800601005,0.5804329650662529,0.3348257098629953,0.01306648455472259,0.38818330482874214,0.34273387839153163,0.37938705967733755,0.2455736859960015,0.0,Fake
0.7613932901874131,0.8614023627539583,0.8223373429020986,0.5643506366509053,0.880373409658391,0.8830936255900113,0.6355070843732128,0.5300355953360302,0.5178634266870108,0.7186029270630958,1.0,Real
0.4776732526610882,0.6646039450429713,0.2568388861763674,0.5045732854712881,0.33521048687832145,0.25966810476807545,0.38900499680562534,0.19834358622248194,0.1238769330124947,0.4745422447800537,0.0,Fake
0.6937956156296935,0.33627319078290624,0.07633699223343787,0.6612737292952848,0.5322725444349443,0.37115075825429605,0.6027413355309337,0.1807368045068528,0.4586958757340186,0.38996208674374266,0.0,Fake
0.7905685238669758,0.7424642835826295,0.7141577929700386,0.6138654506937603,0.6634843004147501,0.8633086838738634,0.8251375781436571,0.7202330935254169,0.47183288856691075,0.8627080685057683,1.0,Real
0.6765307102954983,0.6192451512405497,0.4544501272035557,0.3814078625949002,0.8044869440893764,0.5278074244559784,0.4647488842008826,0.09473911669233276,0.09233847650729243,0.40854309642837067,0.0,Fake
0.9698473153382331,0.7161335549270197,0.7601292307031886,0.5362877720679815,0.6683425913212226,0.7666383884564799,0.5773509633866546,0.290871365473997,0.4333102970121399,0.7062459375310085,1.0,Real
0.6597440081655904,1.0,0.7479754162893099,0.591343360656615,0.8733817368154784,0.5668734525043466,0.7813295392507134,0.5839819616597126,0.1792538920043955,0.7795291853803685,1.0,Real
0.2190111091978722,0.3986183455321397,0.5402612488598967,0.6111638732780778,0.311825556089364,0.310360864724056,0.45203149378303664,0.6045140325857139,0.37526283989664,0.2561738291579182,0.0,Fake
0.4508115747048797,0.5681960850371934,0.752454089140153,0.9832655409421385,0.3998617191283458,0.5590176948169507,0.3789775666193782,0.35478060865699107,0.27971715285725346,0.6626826717664216,0.0,Fake
0.8756934710907616,0.21036006507779004,0.6857349346745132,0.9507021363156214,0.6122334995605249,0.305136205824379,0.5219169744687112,0.3659602968117466,0.5779111072050939,0.27252760708943774,0.0,Fake
0.08929008078882028,0.46015951445473263,0.43895476156631896,0.6100267909124407,0.37987269645423777,0.42282805921093225,0.35143569338158837,0.0,0.382097924794696,0.7925062078794485,0.0,Fake
0.8667771491001146,0.40271016239095697,0.6068191587896234,0.5351432872667691,0.0,0.2508243655979701,0.5694600375087417,0.036870393678880675,0.0,0.46423588124384174,0.0,Fake
0.8245071229516849,0.7292603548243223,0.8471532807151039,0.9784544784612038,0.7148769937914996,0.714879456457623,0.9868819223261087,0.5652480635954593,0.3085543417840102,0.8313840065378947,1.0,Real
0.8036681040522425,0.8341176789552351,0.9124576864762916,0.9080703078052355,0.5433495948064364,0.6093262440127316,0.8272552900812989,0.6384184500246183,0.8726896060306071,1.0,1.0,Real
0.5242840513573691,0.6123967477147894,0.4141571451865368,0.6222896470787415,0.09598778225759358,0.4073911708603417,0.18360901650110972,0.22234345469430114,0.18692487433677574,0.13675301362015496,0.0,Fake
0.7277354279760602,0.2183503175332303,0.44070174251089345,0.9728347798300487,0.3617968443179195,0.4393745001605396,0.281490159828447,0.38409275419931416,0.1574534869430775,0.3086777440607906,0.0,Fake
0.47922821375260904,0.5390423069222967,0.4501663182008423,0.8214391653957829,0.498491782718524,0.22248249158480718,0.3933366237928572,0.28932998650457314,0.30622674965287483,0.5032485950081019,0.0,Fake
0.4097631259224087,0.07687651916197008,0.1551756307567263,0.554994716394601,0.08852604355380717,0.030425573101032444,0.2239950040932211,0.4963911005019691,0.31061563840062206,0.2570837843768763,0.0,Fake
0.8667541614249956,0.66732214255072,0.6272701674866539,0.7494938313883572,0.7244723066212607,0.6820157926009087,0.8544581171185073,1.0,0.2530586900206183,0.9716295121582893,1.0,Real
0.6330807320599409,0.947051800520682,0.42349633309486084,0.90864585370021,0.5343603003954505,0.4465375774418425,0.43401889809036825,0.47137011864313416,0.7613087129659083,0.12382231293481682,0.0,Fake
0.4248315187009779,0.5031756558961229,0.026822642517905393,0.5659380971374428,0.5364869741909335,0.26697994220732607,0.49014012242411675,0.9129308888945106,0.32913144140262157,0.4286614100010647,0.0,Fake
0.749396168020942,0.3424858710041037,0.0037597393110148647,0.5737267552197771,0.3582651264541237,0.438600426089475,0.5403099541148085,0.14576750848793993,0.4446943798070457,0.29647178182024125,0.0,Fake
0.9080647959639772,0.1894351112098315,0.33520542728112435,0.6113082985945442,0.7445084353579616,0.07280241152020034,0.4511178483671749,0.647822621665658,0.8042899490845592,0.2691205153632077,0.0,Fake
0.7607349355829088,0.6783513829852325,0.8218469738619588,0.8000493157930423,0.9056309916386849,0.673497540171788,0.7095187597059943,0.5652219915355295,0.30531479092255853,0.8065950739567278,1.0,Real
0.9160621003930459,0.7319428254069603,0.42409956809789456,0.8771132515725633,0.6697007721069116,0.7364200076543759,0.7997970495853521,0.39528289028068014,0.2523980660813775,0.6846770444145235,1.0,Real
0.6311218892350949,0.7327895337799651,0.8257480918470685,0.8798632791255182,0.5699555389416335,0.6998248146238577,0.6787582033258566,1.0,0.4475496890516168,0.8107472566441434,1.0,Real
0.6663295334251526,0.13278908357638275,0.6010807218919793,0.700166491703094,0.16988192949278763,0.12344300974645095,0.4200740432772676,0.18113519256338576,0.3704969284316415,0.2534344818386163,0.0,Fake
1.0,0.2282820553520599,0.24420445838719693,1.0,0.594616613419065,0.2982291199260336,0.4205009936713759,0.23592972671726387,0.0,0.4040114716782844,0.0,Fake
0.8390335083421293,0.308941704800358,0.8483851164794641,0.7792104292078162,0.7471936865331154,0.6917222320366672,0.9186169079979021,0.5826209746429724,0.9920423232649459,0.8110578430686802,1.0,Real
1.0,0.5166667823560614,0.12902744138749594,0.7886704176885898,0.5935918304611116,0.24736072709732077,0.20641622185047961,0.3038950749639498,0.585945041672142,0.3888215261906715,0.0,Fake
0.6136743131935317,0.5643859730423595,0.17414344351760236,0.5018682466934024,0.3249651143233671,0.5193764207769828,0.32695515348956045,0.27301142231798375,0.45818170371219796,0.5252338334382466,0.0,Fake
0.592963352597709,0.8304979128790929,0.9278556231994495,0.85784299659976,0.8994071528708725,0.6364807367145808,0.5367283999887235,0.5351798649432804,0.3751463649691782,0.7123750475317429,1.0,Real
0.6597595560643523,0.29016364551451307,0.5117838538785439,0.7903870401967511,0.20012846211544447,0.3056926804832523,0.11460757744600636,0.7141087815883631,0.2367210817570553,0.5163233572360807,0.0,Fake
1.0,0.6211145871420696,0.22782847203898682,0.7122983220737079,0.03739313868574923,0.1141080670984439,0.637017479844447,0.28053954220843136,0.6406550952085088,0.33435386818829643,0.0,Fake
0.6026086748753904,0.20068433069195218,0.31464516737684356,0.646603887342125,0.25176925057157906,0.2930249013260658,0.29876404950092394,0.3017005108258442,0.3376471600279742,0.44588830361721277,0.0,Fake
0.6715915469221441,0.9073513838755334,0.6443484464185861,0.538730805545466,0.5165056239714144,0.8409014927018459,0.5579355971255575,0.41421530174033494,0.6058202283138426,1.0,1.0,Real
0.9599033154879003,0.8886950524369153,0.7589445554880261,0.6529594833441639,0.8547334970420385,0.8090228078132624,0.8842789830041599,0.8557537982846961,0.7034427139474773,0.6697147182659148,1.0,Real
0.4711319465956031,0.012531130577857874,0.0,0.41429879598018043,0.20819580847390187,0.7406518275053137,0.2448240648209592,0.38555002125360627,0.4300962773012657,0.37621303724316973,0.0,Fake
0.5088660203446539,0.6355912832150679,0.6346286475319053,0.6090145348336703,0.8744212262897623,0.7209260791840795,0.7103227738034084,0.5479678372699566,0.5777215957071045,0.5641112407719792,1.0,Real
0.24412021389855582,0.08683683671449854,0.4062018500563612,0.7312483762938388,0.5525274819288144,0.31836923112553595,0.9986185939189467,0.8115832501232221,0.3137101861504966,0.328732599493737,0.0,Fake
0.7479243380858644,0.646540833890374,0.6760315766400342,0.9665448005203221,0.5615239658581116,0.8719807780121966,0.7081555604502288,0.7347778964887972,0.9498677350284475,0.8010076941853336,1.0,Real
0.2514456052237918,0.098972925605321,0.32446906369636197,0.6182220632910517,0.0,0.7605944049003326,0.5677539308433344,0.27473985501500076,0.3537638099481197,0.11566913053648761,0.0,Fake
0.5947478413460295,0.2933722206512466,0.2898280505718347,0.91629136029289,0.4277957458704367,0.4002947217881024,0.3111461736042961,0.19884169996832737,0.5597414252833127,0.681081422617659,0.0,Fake
0.6062983124523992,0.0,0.3301811399517462,0.3347031502325667,0.4364525901268311,0.4440088374736404,0.20847482103559475,0.20756522716479126,0.3278669262885341,0.17067155453695834,0.0,Fake
0.3927712856049606,0.0,0.6383890011603779,1.0,0.3611727879688994,0.2880700572023877,0.579205515002683,0.0,0.3466779315348182,0.3288362485004604,0.0,Fake
0.4492275772618077,0.33455579095539084,0.4351687317259658,0.4759735332620284,0.0,0.5627881975121712,0.4005137691993247,0.6269064095187813,0.43883966545813435,0.5702645915471525,0.0,Fake
0.8753538168097712,0.5805439718013573,0.8294706266872924,0.966235293098685,0.37925332498090664,0.6304657116794284,0.836560819077081,0.4066838391728581,0.4856749998455526,0.6594022219926269,1.0,Real
0.7947452461704736,0.6938081225683642,0.1707334682815876,0.6815295346971598,0.5083718620776135,0.23587191395997742,0.52049372868659,0.10416328043991674,0.6404235398365121,0.3528298529931516,0.0,Fake
0.6042514898188072,0.5430572752816605,0.6559924163115052,0.8793590208574138,0.892968756806413,0.826962813014594,0.8587643680271996,0.4807131397082043,0.6299912977862908,0.8147883817010911,1.0,Real
0.7934662285344619,1.0,0.8806687055147538,0.7010964701748238,0.9301820883245917,0.6887886940467673,0.4442813197233219,0.7918705028910635,0.5177414712175541,0.6972729773938037,1.0,Real
0.4003575482977189,0.4924644319160324,0.8063303673077685,0.6602143689294696,0.042991950493528,0.0,0.49254240577226627,0.0,0.2755361894124154,0.4374626374077921,0.0,Fake
0.7769841226730217,0.9588003429516899,0.8877474909003469,0.5144249094565234,0.6015557795144494,0.8911156781982323,0.6026268909692536,0.333514405195272,0.4277784702390772,0.6047483317704547,1.0,Real
0.5538827202952774,0.1550386848154316,0.4791175424348387,0.7934631021833642,0.0,0.5065259652633036,0.34515343322606157,0.5904902495966144,0.13094589623143904,0.0,0.0,Fake
0.34451515605011446,0.8516812979296361,0.6518886475308865,0.4754050654715315,0.8266803899287472,0.9560487817744436,0.7293827228058463,1.0,0.7139730344468957,0.947237168037607,1.0,Real
0.535922988112641,0.6405233490972359,0.16673581618531602,0.6046688351776665,0.3219249882189327,0.41152253363783925,0.24508659724658977,0.6204405357734288,0.4348133723036902,0.35788940964814786,0.0,Fake
0.8144427328698879,0.7811531530744666,0.790736825579306,0.5584877136269536,0.5878415189387607,0.9079729279999356,0.7440667269215018,0.9456143796712888,0.11327607716361132,0.7544634209243618,1.0,Real
0.6012911475815539,0.4269914829594428,0.6541557378465747,0.5515365309888752,0.9963022740204553,0.9014725634013951,0.6467774482233415,0.7538717491275777,0.1756383328485629,0.7012752924737067,1.0,Real
0.7225581483166579,0.1584862089969576,0.2321335537145276,0.4757865780325533,0.5213404960485111,0.6854754175610979,0.1889656496514247,0.5653696289315361,0.0,0.11116211978154211,0.0,Fake
0.6165728355561715,0.6276284572551842,0.7384347435878844,0.8011727962224966,0.7915036198995029,0.8740774873554036,0.751950283781686,1.0,0.4130236739482663,1.0,1.0,Real
0.7164801026442222,0.6976024805822704,0.7470870591168401,0.7045230325748587,0.8699912852913075,0.5075534087345118,0.5919476371280469,0.4509652080201525,0.5272310349117433,1.0,1.0,Real
0.8380040702212912,0.6787644515066213,0.8806945946185867,0.5481030479629877,0.7689569369319618,1.0,0.5999503013091638,0.42438748903846124,0.255222946409288,0.7769372672909397,1.0,Real
0.5032765720889126,0.09829901786493306,0.3065965899151259,0.6706322093547128,0.8353432972691045,0.4365919650721392,0.0744764998491525,0.23704519916581152,0.5542766590858796,0.767688554573985,0.0,Fake
0.815925184593034,0.8668404755268171,0.8186659299227829,1.0,0.749160597175643,0.8503112483388768,0.5862448685791029,0.4387938400066665,0.5706932259463565,0.8773653166114717,1.0,Real
0.6917988003348582,0.3073086441299123,0.4492398374726633,0.6151910544571897,0.45229991507237227,0.7370308080120458,0.5131002044888525,0.34038229853384544,0.31336990578934104,0.27866537316402573,0.0,Fake
0.565474173141833,0.25736772758292015,0.2677146785767995,0.6384222275905405,0.0,0.2722958449633981,0.3880847779850115,0.43984374425700684,0.24803866136182345,0.35688820234116825,0.0,Fake
0.5619107628141566,0.11273271457802908,0.46757117762754696,0.7589370265822324,0.0,0.3685958493058819,0.2563007773279368,0.19824694841292498,0.6201704661398011,0.21926417187251618,0.0,Fake
0.659120876886166,1.0,1.0,0.6350015118324979,0.6675664296137129,0.8789381830469702,0.6919304025315728,0.8138746536278814,0.0014043825449939762,0.4620490265703516,1.0,Real
1.0,0.9189847544321637,0.7096666964167754,0.5840211136887494,1.0,0.7588827651021732,0.752089393786942,0.6090246672270566,0.48492273968214067,0.7283459382114086,1.0,Real
0.5994427778666197,0.43508897283683445,0.3944579711601708,0.705057858235158,0.15953672385224058,0.2146009723082937,0.19546811094583516,0.516038362372522,0.5300797176790127,0.4402450638637016,0.0,Fake
0.8584120668653046,0.8886067327960994,0.4199600049135815,0.5151189533169579,0.3309071505821854,0.0,0.3338800501406478,0.18338878859984822,0.5330780551120323,0.240091945080893,0.0,Fake
0.3984176609143587,0.3815522878587539,0.13052633620578666,0.5748722726901064,0.20212571850819272,0.5883798668827146,0.5400031657339291,0.3986009444108799,0.04345988802201378,0.31074386972241264,0.0,Fake
0.5390523804492249,0.7375341641056958,0.5242919438953497,0.8640083945534404,0.7623659629401754,0.5313672750802604,0.7036186384425205,0.6250226229299866,0.3571999251126774,0.9510675669034717,1.0,Real
0.765806325921894,0.5498961757622693,0.6597948534073179,0.7979672901213806,0.5110509399702496,0.8160712106940599,0.7470543301609979,0.8133674022861963,0.9472350821110207,0.9546210644960766,1.0,Real
0.8335019645972892,0.3014637446375933,0.14472615846682155,0.7276463596117154,0.157058914849857,0.6756937109544643,0.2931230700786981,0.6681164145235701,0.48578625801185565,0.3226009021115083,0.0,Fake
0.18284151221899914,0.5178698228463204,0.524564870201127,0.8287208606401023,0.3341223151188594,0.28990681025585924,0.14887972486210682,0.4220328367891534,0.24247084844403666,0.4810807659700474,0.0,Fake
0.46637139033444663,0.3592005494506548,0.16907712500124675,0.6836464870054804,0.4830833647383557,0.7382434872927498,0.17433538456405218,0.2743984201963565,0.3962891845051144,0.4792979075451541,0.0,Fake
0.6404450052424295,0.7824687884372963,0.7568357759855721,0.6522599478591274,1.0,0.8450878533477016,0.44622861200135894,0.33012104756113775,0.7247299212701972,0.8778650002194336,1.0,Real
0.25394745390313095,0.24815732748017305,0.1807280560226054,0.7968835630413839,0.25424828569566227,0.4218951595094251,0.8198151573401515,0.2067913127448319,0.26667493887690746,0.33737539737775035,0.0,Fake
0.7816526200803927,0.7354930332194412,0.6682621369786576,0.8098704171528106,0.7443547946362727,0.9154952823024782,0.767134147299306,0.606066109529808,0.2504019687619887,0.7414581564418399,1.0,Real
0.9661909933599173,0.5346206773230842,0.9244745628232439,0.7515349591529381,0.6027737023428074,0.8193155211394906,0.7798589543360205,0.5619481591227199,0.23430755607535902,0.6922029604707359,1.0,Real
0.5024733158090074,0.6776719464541882,0.4262619224529569,0.6647613592718538,0.046217834981986394,0.0,0.42767514584603367,0.3310351537438255,0.2470434650170516,0.3987060408372689,0.0,Fake
0.5792826293188439,0.17464524375763102,0.6924080568035785,0.6294694991822033,0.4369540129113782,0.4450861365053247,0.1908885864118235,0.4348787875722025,0.6059037339520317,0.0,0.0,Fake
1.0,0.131958318640114,0.152892079855814,0.8878425492934959,0.372107063494788,0.2247369447633986,0.4488127837951039,0.0,0.1786296269744401,0.1247892078177899,0.0,Fake
0.45520705390644245,0.281818424530784,0.43566333847504746,0.6369958409058756,0.23123771838625895,0.3168737179364735,0.36571540594382995,0.0,0.4416336229577397,0.1540557550566386,0.0,Fake
0.7477035226240507,0.8368937249401632,0.767937055262123,0.6040396588677667,0.9294857252496737,0.7262205640459545,0.7459043190735102,0.7459015096003218,0.8877539381217501,0.6172795928959649,1.0,Real
0.5316356359507729,0.0008585134280695295,0.44894113075500647,0.5805903793419048,0.26813830518085574,0.5511849023592833,0.12450078020939223,0.5755817986507138,0.3808987331190502,0.2826894820243653,0.0,Fake
0.6517539610487844,0.4426369590535169,0.3894584531262413,0.4892774584108739,0.6899914749152761,0.5643086304469771,0.38812711825300483,0.5382621161534966,0.14349521929449205,0.4295854099893618,0.0,Fake
0.5841442997271097,0.7177618454566898,0.7037948573721389,0.8669490798404009,0.9465463119179413,0.9593525716184934,0.6656747960132547,0.6927617587882127,0.8459968607992223,0.6291194900255717,1.0,Real
0.8657548065972517,0.3227186069054887,0.9223148550558156,0.48904293318328507,0.6956338587895302,0.5820495158060784,0.5557977786418642,0.44400554504461287,0.1419962787433957,0.8019755822596074,1.0,Real
0.39089410286518933,0.5211111318041424,0.6798961788647842,0.8654826358080486,0.20407950603851807,0.42228346345462053,0.09137169124827044,0.4644780622351351,0.44012068257250775,0.0,0.0,Fake
0.5002732208423097,0.2639381360090715,0.05318866701513292,0.7604911844555757,0.591321630972783,0.04456642868207045,0.13898212636466095,0.3752535472468136,0.15306904303054747,0.19149531057695746,0.0,Fake
0.47386886530025324,0.5580634549896448,0.6562772133456481,0.7539136575316251,0.8276488530703685,0.6411384280269802,0.7780150146715618,0.690169018623142,0.5995983792943718,0.5390008354727667,1.0,Real
0.30119244134204987,0.35949869365032855,0.30018563106939183,0.7662620104566336,0.4308425730554664,0.4931745489381919,0.3954068957729778,0.28518636495820593,0.46828843035037093,0.4860440720953382,0.0,Fake
0.7087422454272534,0.40471182528966226,0.5227213406702171,0.9550311401166787,0.9967451570251925,0.7126445940665432,0.8364835444583649,0.6455930271991459,0.7397061040409023,0.9179362367151865,1.0,Real
0.6197867574057767,0.1061431066955612,0.2361100451015779,0.6409019978135319,0.1371559986365302,0.3480310382699234,0.01229896238629996,0.12599051550602552,0.48418224965537504,0.47075810405557883,0.0,Fake
0.6152377992977462,0.8237878757259759,0.5519650189469036,1.0,0.926916018108193,0.6796236521842943,0.4930298206363684,0.7266336379517802,0.7776046249213926,0.9356724467960192,1.0,Real
0.8356335766039751,0.9203348460270898,0.8931002645239803,0.8477086876958697,0.7027096133039482,0.8638453830739901,0.6340762178193642,0.5029766398550825,1.0,0.7622811209079484,1.0,Real
0.9533023600655267,0.37227452036801045,0.3141813429967687,0.8842045314412202,0.4885711511635623,0.496927509091866,0.15283923826643464,0.29316898041424055,0.5889525723753876,0.5289294375147744,0.0,Fake
0.6302806095903465,0.4038589505161468,0.3410213939754926,0.8008440112060603,0.2159769599091534,0.584343582943232,0.11476533268904385,0.44751205941734373,0.5863782185919924,0.44618161854977906,0.0,Fake
0.8438501021647509,0.6214263665375577,0.5893661252908331,0.8223708622864778,0.7164805822011223,0.8571000741138138,0.8209856436860317,0.6810649998398803,0.2160343989578467,0.5227729162971203,1.0,Real
0.6663762322488249,0.5445295530631383,0.7367576927473117,1.0,0.6294488148045404,0.9958675208166101,1.0,0.6360733093399784,0.5330321545751295,0.9942594934692807,1.0,Real
0.30981442177775514,0.20811179951449066,0.292290260824859,0.7205119971098846,0.6969873151673617,0.17864558123464142,0.23889064410262667,0.3908778063205953,0.10957009478478219,0.2708638576487472,0.0,Fake
0.8947277449646186,0.9923374235322348,0.5648476692180117,0.6611303611270659,0.7460391364561609,0.792024173822941,0.6285594720117531,0.4664047790778528,0.6354563034887417,0.7478321593682581,1.0,Real
0.8981001774883652,0.7386073464536216,0.7020228715117734,0.7727636988373111,0.6247285647554965,1.0,0.5088508459322912,0.5485982681459889,0.6123544219212604,0.7510199766839997,1.0,Real
0.695855075127138,0.9238994705046372,0.5878405008600154,0.8423903410416396,0.8389651886952576,0.7035680341029015,0.7989199533363177,0.7078367346237451,0.6850719860089238,0.7222646795335517,1.0,Real
0.6109604292632875,0.74107119659073,0.26380989898963914,0.5963418537998565,0.7121147772910259,0.5628325227052726,0.9948616955897452,0.44360674323056415,0.1823776121921874,0.7696110865929137,1.0,Real
0.5641497949286176,0.22004695463034654,0.10935982892217108,0.7043785755903351,0.25255941576101454,0.2796157364366981,0.1960007867605085,0.09077666715002108,0.25877583450516234,0.38628532402279425,0.0,Fake
0.7536329185009137,0.9618330833123143,0.7380537913131427,0.8178557694374601,0.5906409707779681,0.8142460645811473,0.7219283602493177,0.8089200765890423,0.37264221066788106,1.0,1.0,Real
0.721397639885498,0.7826149309769584,0.8805101596033131,0.8243522831958907,0.7725628357715365,0.8047441503699339,1.0,1.0,0.57852537305663,0.9075981594011417,1.0,Real
0.7550230243178172,0.5019424590968337,0.3311082571115994,0.6654007500040438,0.17722340788204674,0.6058929863315502,0.5583449328117702,0.4667088606023775,0.3240965506273118,0.46597145705902643,0.0,Fake
0.6813244068445348,0.615159329508438,0.09256728628314997,0.6642649487416573,0.233280134730799,0.5576757702038633,0.04613078490463146,0.0,0.25976822831820023,0.46034815998218404,0.0,Fake
0.8077212138417633,0.42029598007044033,0.0,0.6497795518833247,0.7295534033491954,0.1604214565462027,0.18313539090168354,0.5028059563145719,0.04143969695807076,0.22344899402299215,0.0,Fake
0.8737647397001452,0.619930467643365,0.6512825266387114,0.7044410956835003,0.5481193614790177,0.6271113210417754,0.6785668689683011,0.8154472215314846,0.8998716067430859,0.7790384867051316,1.0,Real
0.5446656456561709,0.3338243004269077,0.3604516980994966,0.5508467401553689,0.20659677017441272,0.09308314686000613,0.54556310993724,0.0,0.580718068663385,0.6272698794525686,0.0,Fake
0.4995892078317942,0.8315040288569903,0.650606436158123,0.8355898002889739,0.6355111265186225,0.4792676849003222,0.5058686343175256,0.7183320463905253,0.7644747063228358,0.6143525062343387,1.0,Real
0.7170492168243732,0.8035668857267619,0.9716841067112274,0.6722594672589529,0.6287259595660218,0.6747364434623195,0.8873103176553111,0.5031533356057925,0.14324876978331286,0.8269901149670034,1.0,Real
0.6962489771968167,0.6528687291547262,0.8616287957249905,0.7228163740172846,0.6525940442517861,0.9481956048409518,0.9629404506770456,0.6050293888410296,0.45665789374922894,0.9011270534755383,1.0,Real
0.46569755860389084,0.6341008574542126,0.32730387082357176,0.5647936480154238,0.5969503828089591,0.14360895158111298,0.46909817952785143,0.2320210487074218,0.3235661288711256,0.36445579307685777,0.0,Fake
0.8064614289146275,0.6146922668463735,0.6195505378087959,0.9188152176622154,0.5715882160699008,0.9964009429883944,0.6149068898028197,0.6714339830519193,0.5408525064142673,0.8404781146623514,1.0,Real
0.25070665488419325,0.33778486572952476,0.1383118732716694,0.8157102692355649,0.3900919262827458,0.4717810712509264,0.4024133618173451,0.0,0.27983011398470503,0.0,0.0,Fake
0.7343326172193793,0.7246767415214984,0.7605078244669772,0.9242817453912285,0.6108970298714139,0.7857553474102178,0.8962796444673644,0.7599366372580519,0.5056010013103153,0.9001569138850711,1.0,Real
0.8372290948084598,0.5881097188687192,0.39251480612644296,0.5158480053315914,0.5711800848714618,0.23721050238835134,0.18675655109160702,0.3656286125939295,0.5223272248995888,0.37781207973068354,0.0,Fake
0.7113935193864982,0.4997123889183616,0.8098834683907918,0.8470793909554112,0.6775220306550939,0.986098014493505,0.5661351505496488,0.6656235470472033,0.8405648993764168,0.9070647453918231,1.0,Real
0.29942587826352207,0.3011839052651597,0.34213854247447373,0.45649262050881345,0.4167719933137069,0.6362733563662366,0.5663533455345657,0.08755616131371874,0.4744139980612097,0.6157866639070819,0.0,Fake
0.780438453127695,0.5226383827504152,0.9821257801995092,1.0,0.658081696427342,0.6918447660096024,0.7928798086087357,0.6465987851032339,0.4218664723383625,1.0,1.0,Real
0.8053009963309352,0.690999178150896,0.7543117234402226,0.9417677793910948,0.7786648602029855,0.7569654822234223,0.5460215788530121,0.28584794443959677,0.28654112615891364,1.0,1.0,Real
0.8561627903183213,0.6656299836158599,0.8448611608583282,0.8958831674440095,0.8432714943325794,0.5144662920164316,0.6409294236262697,0.8574317797316486,0.6044505849371815,0.8431008146326017,1.0,Real
0.8607699869993115,0.7757052421784956,0.732652757641764,0.7048344456616067,0.5282217014448859,0.6420233687407937,0.6809041843560318,0.796565816364349,0.34557940084871663,0.4855439766955899,1.0,Real
0.722565533834274,0.9562314628722277,0.6531053731313197,0.630121199002462,0.6775884716726951,0.6070007087611932,0.7684005473992194,0.7046021434988772,0.4183670782259893,0.7121469746810568,1.0,Real
0.7111882903291684,0.23471608473303118,0.6442069381634208,0.7506933331217538,0.14258678528600074,0.483073787006566,0.1907726393627009,0.15998730050677454,0.061279147566046965,0.25341803210789643,0.0,Fake
0.5483324233448584,0.6122022080273702,0.5993788849871898,0.6348303652343807,0.7447972668919828,0.7851322098804782,0.9825750739221115,0.436149101248984,0.8483277514817815,0.7179016733661736,1.0,Real
0.8227099225941712,0.623046501751369,0.6534675251523807,0.9044941226371742,0.6997837001840189,0.6894527305137005,0.606731613097597,0.6532050564590322,0.7690434829232689,0.5898700628618591,1.0,Real
0.25141049390266695,0.183143637993075,0.7868193466760912,0.8510095106840596,0.23387033948920977,0.22772295052227431,0.3314111586772823,0.30209961559565,0.5733667551059909,0.38728323394880926,0.0,Fake
0.8730723271796046,0.8260911046660947,0.9100012034383731,0.9253943385668509,0.957323848655629,0.8473064831384464,0.7249322879524719,0.5072830660185649,0.7427005549969928,0.6274596493519146,1.0,Real
0.7053654744960012,0.9563560219967429,0.727491661945121,0.7688364680207314,0.7240392263574196,0.7523368571372201,0.5855587369657197,0.6231639578646151,0.5024397888966962,0.6229557977522509,1.0,Real
0.6733492815784514,0.6006265649536486,0.5079839444361705,0.7257203976385586,0.41537108012208745,0.07214025395780194,0.3108602937706197,0.5620179479817331,0.3396954142950708,0.4506180737247493,0.0,Fake
0.830744411857445,0.9108761005964703,0.6952570905685672,0.624118549899149,0.593278620896845,0.45504651159359977,1.0,0.8567762109848418,0.5757146444830835,0.7084780050166619,1.0,Real
0.5016086190261033,0.6044707000213536,0.49649842055596044,0.7765186541875112,0.019022512754340748,0.15799074094410723,0.32545821328085517,0.3686744748553302,0.12395925506521521,0.8323353351156842,0.0,Fake
0.9339845562809278,0.42169072364192406,0.2038087448569053,0.3240142644194925,0.4871015477580408,0.7197217666592823,0.31488721090015687,0.4837309609515813,0.3696135079077889,0.6091743563726029,0.0,Fake
0.944431019561639,0.4685060614635522,0.4319272237367987,0.7001133261181893,0.36625568441123973,0.3424213836566338,0.8276743985740878,0.5868513290392345,0.4945653789971024,0.37235983164067765,0.0,Fake
0.7292316024024339,0.5663552645565951,0.7186465114070962,0.622421931868605,0.6629214825292916,0.8382867606630915,1.0,0.6251428445675128,0.6099068795597495,0.8166904002330211,1.0,Real
0.5102813472174379,0.8193258999122914,1.0,0.5455238993110785,0.7784559251415594,0.6507026733305087,0.8138830809289553,0.41020972040122483,0.5811880249159836,0.823180842730661,1.0,Real
0.6031364472943248,0.0,0.6053930772176375,0.9043198605527618,0.10859567042855686,0.1349375213901524,0.6852786054416407,0.16089862401145372,0.11932989788080808,0.5774629084729459,0.0,Fake
0.26576604550118693,0.5054814705529023,0.4433341963932162,0.684070886494037,0.1602166958350325,0.6994726395831117,0.5364383128520769,0.30268894255621076,0.5771240294365888,0.12874129751767313,0.0,Fake
0.7380147352673225,0.27615855991051075,0.0,0.8026244812913431,0.1422912358312055,0.023744836907810873,0.10251467235548548,0.371881694366594,0.6157281656496463,0.412636894772996,0.0,Fake
0.9800536848621929,0.1624148846927202,0.3933249950809238,0.6645326744896211,0.570164279684521,0.5622741929746267,0.4564012397643886,0.4223322122494033,0.7022376249734747,0.34993726547764503,0.0,Fake
0.052171958772505356,0.11094124728015103,0.6401855096558424,0.9166618292582631,0.013468261175462792,0.14519428182272406,0.2940379315245988,0.15709244101796171,0.451193110691173,0.20434555951867736,0.0,Fake
0.7797338320678349,0.6162678123976806,0.7340735004288522,0.6548529531410167,0.3642507499821785,0.09129847495918081,0.21086102456058717,0.166374603316685,0.5979168012883123,0.270754064379648,0.0,Fake
0.8824053757086499,0.6220231800360625,0.10109149998305542,0.7061387123093383,0.22839877141253526,0.14710405465851717,0.08198558577521298,0.43644333815185077,0.21372395298608518,0.5435652048050408,0.0,Fake
0.6226788783933378,0.0,0.2777378876065419,0.5617823464856617,0.14788035601421728,0.24695632123835143,0.6560390397726703,0.4829854324603482,0.16508717712437998,0.03048016608091353,0.0,Fake
0.7962075809256154,0.6912527148867313,0.7903690411867661,0.6985211586753884,0.8432357834784077,0.6945584495934549,0.8065650590853279,0.28068539043911656,0.7389164596860787,0.742290941461727,1.0,Real
0.7018998561664213,1.0,0.7845106138787104,0.8246614633637092,0.8498886378081691,0.8132379915921684,0.8758410750704418,0.7512315310921425,0.6626532623578472,0.5849768650542457,1.0,Real
0.7841189901906194,0.9460714131423642,0.5088775148158159,0.7776950787798457,0.7889824191372635,0.8672734307665966,0.5644573933682877,0.665321814090332,0.8477714636933693,0.794547700984978,1.0,Real
0.7669905615806647,0.534258303252395,0.8878843401862805,0.6497783871691509,1.0,0.9120072098571973,0.6829017156511873,0.6316086434791468,0.35895330334053843,0.8779160512683329,1.0,Real
0.8021514725307505,0.6769157153829671,0.6486437881257583,0.7551228626232037,0.5869131091705796,0.5871262306672222,0.8519059924434755,0.7331673672572121,0.545051413869823,0.8193886939280927,1.0,Real
0.6116740581635791,0.5648666009540487,0.4492800235467882,0.5925139767363842,0.5860256347483055,0.5788586137119878,0.07242628990883959,0.5027720703266845,0.3393786396606179,0.23980363929235005,0.0,Fake
0.6497864319535427,0.8988063524304784,0.7237560364956888,0.6366382260760733,0.8304764765355606,0.6152298027313444,0.7542271736053693,0.737201155044516,0.4033962127778067,0.8212047349319929,1.0,Real
0.3897559940434994,0.3671374322806718,0.1649150747880825,0.7855631760041193,0.17093073552739513,0.26837983216795586,0.15083692104195415,0.4802272483647314,0.5216902233313331,0.3030758860085172,0.0,Fake
0.5320481984704952,0.38510724591571954,0.0,0.36009218587760755,0.33718444717025664,0.457258181903438,0.0,0.3175752049040283,0.37860975397579044,0.5199223977032426,0.0,Fake
0.5104077323100049,0.44916100420551414,0.3503238062713882,0.7670472575514777,0.6708678216617192,0.2929811485915972,0.37772903674201685,0.132774740163718,0.1763478076803335,0.36956265861866144,0.0,Fake
0.7467949058477346,0.6379182481278265,0.3863639609590588,0.8826068094541575,0.860526584563865,0.707800866432268,0.7600486075837308,0.6774704958814072,0.16711617118908928,0.6706420983980558,1.0,Real
0.5572249664890722,0.0,0.15686703929535836,0.7918498321003767,0.23364359332158918,0.11522400711820546,0.3104124542030636,0.7635812676327104,0.0,0.13973801767213107,0.0,Fake
0.7645616324022061,0.8952967485799334,0.6446920359183972,0.7008506780103347,0.6911837770301763,0.5304727577801822,0.7944180415596864,0.6216940725324306,1.0,0.714811929993728,1.0,Real
0.7711329370366806,0.48473409516557225,0.7984751571277172,0.7278596120551997,0.6800945247197636,0.5107945399099807,0.8270400159854575,0.5441597980376974,0.5727734015639784,0.3191606680077526,1.0,Real
0.471777147955071,0.51895487515634,0.34888794127038586,0.7966185651775163,0.07531942220605015,0.4539804279057505,0.7237635681087706,0.43394112167145316,0.4053163011182097,0.35171121616486994,0.0,Fake
0.6796096433018525,0.24213899710734588,0.4272765307696122,0.4936733665646885,0.21415386936140896,0.0,0.4546446371474066,0.1059358620112048,0.0,0.0,0.0,Fake
0.8700614287841524,0.8631436994720362,0.9283370057211964,0.8562455770801596,0.8027172311312374,0.9105225357474641,0.746021811112641,0.8351344419005444,0.1982641498717077,0.6382646032790327,1.0,Real
0.7392598110878904,0.7444166645235237,0.859144431545547,0.7577918828710949,0.8598960115823369,0.7378925129837126,0.7617952785474136,0.6662165085801648,0.481288674832552,0.8019732713846989,1.0,Real
1.0,0.7552895327957593,0.6450411738011121,0.7820969866101333,0.7331507925463755,0.7168545600700166,0.8421250050065138,0.23510272979673774,0.5698933837355415,0.663627263903298,1.0,Real
0.5292628480865987,0.44167734071029685,0.0,0.991336839213445,0.3437882134258196,0.16806331660363324,0.16269872504208077,0.21644408870622273,0.4084385456652746,0.31253419631872503,0.0,Fake
0.6636543260643339,0.7683014721968042,1.0,0.7355910150413025,0.9223909989428514,0.6445235362311169,0.7447517264254557,0.6582574911174879,0.4205606381944451,1.0,1.0,Real
0.7387846466382516,0.44596540707336657,0.2962708493380515,0.8196776052073208,0.2634452232823222,0.5087636934287632,0.29052478415137867,0.30072331949709036,0.5472753011811874,0.2076053545482154,0.0,Fake
0.8776346943251958,0.7293942317400905,0.8085697274893334,0.7345167370601255,0.7898043524099443,0.6625862013582627,0.3841774262585356,0.881967993277669,0.3928364237313575,0.8889323103362389,1.0,Real
0.8447897506292009,0.4990010625754562,0.3110605407766636,0.7446193079676724,0.36835049688967453,0.40044807928533543,0.32675419137560835,0.3929426366341052,0.6656236115124369,0.5470899371230437,0.0,Fake
0.296206043837337,0.6538567847283537,0.4521584177055189,0.6521730466757902,0.21843308922957255,0.5209050454133232,0.13161321992093736,0.5280495001673018,0.3843678679587062,0.4606502439969567,0.0,Fake
0.49338191959683336,0.11439182652472382,0.6834448223102274,0.7402890371566446,0.4971243994491493,0.706359781754212,0.01867535846444518,0.2451103727474696,0.2029393078636095,0.49429586475146864,0.0,Fake
1.0,0.8676906431847036,0.7471109430398408,0.7105663756187599,0.7533698839218069,0.8320678672762815,0.5728780777036733,0.6149410940191975,0.8225458677551117,0.8577278588561902,1.0,Real
0.8948096226886756,0.9354196082709327,0.7632986386442157,0.7795973561108394,0.6573522156848475,0.7025890715959425,0.8423656724656712,0.5488067602024289,0.4806215952849417,0.6824716102722883,1.0,Real
1.0,0.670369684061952,0.6765840836222667,0.9066241315603608,0.8522837234439467,1.0,0.8375892277988946,0.6669036951630655,0.4632033762219344,0.9163055370874361,1.0,Real
0.7457037287029072,0.12246286591503663,0.3097016932104964,0.7774966668903951,0.469758877912382,0.4836680977436162,0.20316524024430083,0.3663991112827121,0.4414560809230482,0.6411644644293533,0.0,Fake
0.7961702653338089,0.4934747411015062,0.5477721866841431,0.8614896141034072,0.7756298157191913,0.7224024995470981,0.752765089959809,0.7719052090417202,0.8210495610108857,0.6332542911896532,1.0,Real
0.7187816624464087,0.676049859801175,0.6615952864583683,0.8774403145531537,0.8035523228947571,0.6460635607109019,0.8849399813149876,0.6529017998525308,0.5697410114170212,0.8444443262885418,1.0,Real
0.8907425708963996,0.6725932907673939,0.7644181165411476,0.6806587066942437,0.6848255658851526,0.7036241814797041,0.783320065745057,0.4512820968811928,0.4153097906634761,0.6158089046670744,1.0,Real
0.5738148389747747,0.06526347262321536,0.0,0.6772048926525941,0.21427138774117932,0.2863524944514759,0.19376872437377712,0.29803997184649744,0.6697076224192683,0.5104256917236238,0.0,Fake
0.8582508096064853,0.5806422343174156,0.6713219600580339,0.8234061841841878,0.5666808286662082,0.8569497645258582,0.7139511902762797,0.6458878885298985,0.5015736550487595,0.8166394967229059,1.0,Real
0.7236218393351893,0.9992205248592028,0.7531329732443943,0.7846051358578026,0.560975285224113,0.6575457887940783,0.6937205429514095,0.7508575706768545,0.5446888051809395,0.8336536591087687,1.0,Real
0.6781238643232065,0.7221511535004275,0.5840497538990957,0.5705690063878994,0.8718788733591297,0.9534360042856235,0.7391984817629499,0.8596965302101185,0.4468802470280159,0.6532320368092314,1.0,Real
0.32359648626151244,0.16472377400369229,0.46110252926844963,0.49660444827100536,0.26652663727898307,0.2909820171524187,0.5451633438689418,0.5336908887884828,0.10085652471072307,0.36098682219996975,0.0,Fake
0.43782121275995,0.28466075736272717,0.14148446106588472,0.577388779837849,0.44287397270931483,0.23988961365830241,0.41327166430722895,0.17295026277515546,0.38621254855421644,0.6106556074632128,0.0,Fake
0.500465495314192,0.24079164023665572,0.13157575993028653,0.46290940887862464,0.5488894751017814,0.4792012374229103,0.0,0.758413930585576,0.40905598812417365,0.1947001719013999,0.0,Fake
0.693130838851877,0.7194629459846458,0.6627478629077035,0.59778649039607,0.6526083682400989,0.5664089599856615,0.7551125202388839,0.7878328914148671,0.6579079074093994,0.5166156530694559,1.0,Real
0.5579543401993659,0.8808685992420217,0.8475301766937992,0.7351236204330925,1.0,0.5894872850510771,0.5211712243612892,0.6269780612153522,0.4676276749455035,0.7865009173984038,1.0,Real
0.41200643416998667,0.6906345219836075,0.02239418851279662,0.7540553073857291,0.2255930388891237,0.46654751663477284,0.4493747181015194,0.5639542909967701,0.11006049432693832,0.0,0.0,Fake
0.5716484891944923,0.25853966898264197,0.341435323737685,0.8279802317577332,0.519686176441057,0.0,0.22865994104694062,0.39225673845589454,0.5900157912853723,0.25161951049875897,0.0,Fake
0.47923234050136265,0.34002396917437644,0.14077578298749913,0.37694041393128075,0.4081894728678971,0.5415679262216535,0.1918236416610869,0.35680161924562936,0.07699564091467292,0.4902989563849429,0.0,Fake
0.4531050284436319,0.86218653841763,0.5890885461390291,0.7858870296166725,1.0,0.6120923112620364,0.3704568715880506,0.7612044193684582,0.33734668676201307,1.0,1.0,Real
0.8007744611241621,0.6877068129148798,0.8449172799159427,1.0,0.7772799382587743,0.7872330879450504,0.6810958650689634,0.6222975510785551,0.3602573252741639,0.6215874261136699,1.0,Real
0.5744830460910961,0.47970293436299705,0.8312194092307182,0.863873274045397,0.663523439890992,0.36134365617826353,0.6680633327621276,0.6600455398331361,0.5557989946393438,0.7775039879668734,1.0,Real
0.5148488790696819,0.47532272745261417,0.3591127762283796,0.7188852082592438,0.49068802662777883,0.7809857354766284,0.2869406689427751,0.16179545986672417,0.39921672306328176,0.18954399457209126,0.0,Fake
0.8025945148910338,0.8233780695221495,0.8452082202842655,0.9164549762934335,0.8114727985392769,0.7138113518072187,0.8508860551804097,0.7119789558761269,0.5584756809205844,0.6038206042994038,1.0,Real
0.5492096587205529,0.2693848021869938,0.7483106604409469,0.520516310707497,0.2399769434126922,0.32059491531383,0.5181468964259098,0.3915605014706627,0.09147493056954742,0.24356628737456207,0.0,Fake
0.5718602371455731,0.7964731065340541,0.8450665321398148,0.8120698646177247,0.7222068511683437,0.730526895039986,0.7565717207968664,0.5984759028978012,0.27594491878285876,1.0,1.0,Real
1.0,0.957218111803573,0.5561605957341572,0.8534561707867792,0.6745537844172985,0.789523082299659,0.7941336193520241,0.8444113931479444,0.6577156047537593,0.6464188421525611,1.0,Real
0.756540366955868,1.0,0.6566025957398323,0.7791911182855864,0.6386294121452928,0.5519966233168941,0.6582346363642072,0.27939630342048616,0.5449753120575871,0.6461368530189217,1.0,Real
0.5804949232508753,0.4158213557420259,0.6005685268854968,0.5529906547239078,0.2115499341468207,0.0,0.37068762586162124,0.7584152080287488,0.4054716923929352,0.3455442041632573,0.0,Fake
0.09364613674983724,0.06028171707329116,0.2900646703986426,0.6502852943077745,0.874158618205995,0.12760659484516723,0.6428354477504874,0.5493717546931616,0.40612728089802724,0.7017240968390267,0.0,Fake
0.6487232587538427,0.7283221993926723,0.6311370118500058,0.703805770554144,0.46595779995693215,0.7819940561059407,0.7501808213043336,0.5838450207953895,0.43953776818979406,0.8906355206439838,1.0,Real
0.7308123612778851,0.6066689339099361,0.5090330519613642,0.7805195453800835,0.6365473882073545,0.5366619435603489,0.653014067363621,0.8743723009588504,0.7240807155200809,0.8822459635424176,1.0,Real
0.44530883119331394,0.15309318990360635,0.3488090581574541,0.6331524545455007,0.31234773298273866,0.5886225891702056,0.5543030785563727,0.5337829709316658,0.2580686455454006,0.13403151044370257,0.0,Fake
0.6953302081601115,0.18436074540695305,0.0,0.5634032369226265,0.5086351376437355,0.3255885735757445,0.25843032276350214,0.3181275535708187,0.2758834475198434,0.08039057761196655,0.0,Fake
0.7747141261854775,0.7576331552784027,0.7760012496555613,0.7865929796862751,0.7165196618047792,0.9734795157903123,0.5098644032285227,0.722078679003616,0.058168733943501416,0.5035216783268749,1.0,Real
0.7500791938284896,0.8401810123393673,0.5334217775799688,0.4055728570294143,0.6674194725762624,0.5668931361128762,0.6737789703529034,0.44482637880610476,0.2909226881565575,0.9678701301706119,1.0,Real
0.7683561549568025,0.0,0.7241930350743564,0.5436592617929127,0.17634145362472667,0.45692581722448705,0.0,0.3506751013194322,0.415564234568617,0.534854027907566,0.0,Fake
0.6565289210362854,0.6666784321259618,0.6543919309040224,0.9283524796661328,0.9630756371984782,0.6643880559375785,0.6251466640343657,1.0,0.42550953829553956,0.8449397726633266,1.0,Real
0.8175420852315732,0.4411808390341405,0.2581819379562016,0.5777865995764677,0.1191274663534031,0.0,0.27201525868811094,0.38161069798402636,0.330675265997022,0.2668066144105282,0.0,Fake
0.6086081741700775,0.0,0.4818902482227223,0.943488503579208,0.411469123341594,0.30044951635205813,0.6140828019567668,0.17511287033201633,0.47552125951236623,0.29409850734069326,0.0,Fake
0.9136965180891403,0.8413707181360766,0.5861530852991131,0.7025387325457797,0.9319646549968775,0.7712575370459858,1.0,0.6471459294101223,0.0,0.7036325303696248,1.0,Real
0.7303114549361542,0.7615277824438152,0.7162716027287882,0.6524996128764811,0.7752982007950091,0.8162910974354114,0.5864401383835731,0.6098721402349137,0.5767643632480742,0.7528274434417271,1.0,Real
0.7692156622366184,0.6478422513787678,0.8760965323483086,0.6521064031046414,0.6830724850177831,0.46656889035817034,0.6821540521126385,0.42564977942882243,0.0,0.8640621984216446,1.0,Real
0.510835851180845,0.6600937465569341,0.7507865549577275,0.7570470890647113,0.6824901792781135,0.8434274898521248,0.5898569355926109,0.7498191632275499,0.9434335541387766,0.8271658251088123,1.0,Real
0.46769171149694155,0.6564735449356232,0.44997282474807426,0.6753637022451952,0.4235298585982843,0.0,0.4751016033662071,0.5270462965977982,0.23152880886958926,0.37470953919111644,0.0,Fake
0.9287083018241058,0.16918634205279992,0.04020789498930494,0.534522342815036,0.5707754686632516,0.4450335492990763,0.34951923181622924,0.23214566964213873,0.13156727345638203,0.5169502652649764,0.0,Fake
0.7240580910114865,1.0,0.5442148285602966,0.5079657903184889,0.9706755491240413,0.7186014484272201,0.6496390892010125,0.7957882389140901,0.17186775867528115,1.0,1.0,Real
0.8457888688166061,0.500771990659656,0.7400880302029025,0.5683475700356315,0.6522245838296761,0.7571098006974621,0.6209379952074071,0.5957370043863406,0.6883923827669484,0.6634662195715277,1.0,Real
0.5890443279322349,0.194232591435913,0.6202145784826278,0.7758603148709198,0.337472084534553,0.3986246917025786,0.2911514988727084,0.6213166771655965,0.3099294844411672,0.39636841842696957,0.0,Fake
0.8020549173672031,0.40585356764330516,0.15981785406255355,0.6735799744673532,0.15166066731193786,0.22342394502304158,0.3878656614584748,0.40944885467602476,0.11215350698457416,0.5607971542365753,0.0,Fake
0.9422057618381575,0.3946306109495394,0.4603771943644308,0.7739325957777804,0.0,0.19772894603821184,0.17434734943530664,0.36997739088184256,0.4461489159535968,0.6493420814891963,0.0,Fake
0.5955942737726893,0.5470994571234699,0.5216461220673163,0.9169032562484888,0.6556104909460817,0.9800591564874749,0.6696297805421554,0.3704389043151406,0.5835416039989609,0.9353717430010408,1.0,Real
0.8728166465632291,0.980689787761883,0.581618279063338,0.6123745768478605,0.9026492200265254,0.7907242966238472,0.8327214412859285,0.48151347397473476,0.8054057460182598,0.5510291807533376,1.0,Real
0.6667200709960203,1.0,0.5327979149375635,0.4201791065069877,0.8160021675079998,0.6746918663471083,0.5968150774303931,0.9908204156118237,0.40966550088944853,0.6653882053894907,1.0,Real
1.0,0.4699102211112378,0.852939028556177,0.5080926193215523,0.6792102201315849,0.9133425895451049,0.7596420028643194,0.6128151038102458,0.2500686837274467,0.8519396623402014,1.0,Real
0.5311872086591547,0.5014990298674971,0.6241072287993427,0.5327766718971378,0.4067502047323002,0.15242533181985013,0.18062980677492704,0.5999237810593333,0.5058698007810665,0.34219609612449114,0.0,Fake
0.9492291212773587,0.833434501410099,0.8183831658122411,1.0,0.6534722654429785,0.8891760192121856,0.7585519687345627,0.7572827799782686,0.5904246316761883,0.8261753634434436,1.0,Real
0.741765899907557,0.7928331112286485,0.8281683642569008,0.8467823378925086,0.8333406699005173,0.7634371021882873,0.7203992369539011,0.8558881111854082,0.21255673265469227,0.9200655145300597,1.0,Real
0.6639506989679645,0.6679711588139412,0.7450870094676002,0.6684862843299353,0.6430731325984254,0.7659645341537845,0.7117534173868717,0.6562791731065553,0.172489697003687,0.9137260277883692,1.0,Real
0.7405981354090242,0.8932713480751857,0.6021410930496685,0.8256069773276766,0.6704613572441339,0.6310690751606484,0.7339454460068163,0.864216100080561,0.5077193285892959,0.5703183161116727,1.0,Real
0.7308676319433699,0.9766732395371021,0.5323236464922662,0.7481866578230918,0.5621409833380322,0.8045447823937452,0.883033108514595,0.4353343935554209,0.9591849904576599,0.7798422220194742,1.0,Real
0.762988468120935,0.7266484146911881,0.9251673092489711,0.7881631264951819,0.8006403993112803,0.6882184550816299,0.676859066389126,0.4256939705149945,0.8205280782482852,0.6868523278769606,1.0,Real
0.6037977494659018,0.8680626905613678,0.9237893368511106,0.6268976522472435,0.8945064193866483,0.8119171390404747,0.8733090239991735,0.2290500988561971,0.8230266959956065,0.6369395753463766,1.0,Real
0.8269658697264124,0.7110679983624124,0.8608215721331255,0.842305122601958,0.6096841946933107,0.9128973174262548,0.6696054832328928,0.5670746198856274,0.7814937751786543,1.0,1.0,Real
0.7812574211921328,0.4437397697363564,0.7129233926219105,0.6477023628003302,0.5997569985157627,0.7078349560671068,1.0,0.6636144538497242,0.5585073965866703,0.8358874172034237,1.0,Real
0.5894989862922695,0.2700243522663257,0.3270718328987215,0.7729464990025332,0.31997660974923864,0.09719876641052722,0.44723695831238774,0.0,0.0,0.49783609894031355,0.0,Fake
0.6240417236728836,0.6600911031833967,0.431415641353529,0.6711367467478858,0.6361301007669453,0.7725590679714311,0.801263396366574,0.9747769985622305,0.3987109410985007,0.6634644516506395,1.0,Real
0.5437749030223827,0.8598019417435444,0.456205218978842,0.6146277701991198,0.5863135432838292,0.818730810562525,0.5241493289176806,0.539762619294324,0.37613800489287647,0.3216948493266103,0.0,Fake
0.6095650639569365,0.11926154373202827,0.5009466596135619,0.35289339009998416,0.44460765643204303,0.22088558559292096,0.017783316886565426,0.45065041294990094,0.0,0.286529901551493,0.0,Fake
0.799011714690348,0.7950711539416242,0.8433310716065103,0.5791750323328846,0.9058667681130403,0.738635357019681,0.8505720925861819,0.6624662699238246,0.4991347147299238,0.8726834487037542,1.0,Real
0.03339394197145196,0.39484694890705835,0.28071469879862004,0.4901382357723286,0.29746809593676643,0.28272261091777273,0.542060959256294,0.44249672481337077,0.11412617567347652,0.3844508772822075,0.0,Fake
0.5663481731024916,0.5139850505270469,0.4148680420029736,1.0,0.5179327728862377,0.07849649203161296,0.16986572349750395,0.15715998571535103,0.5660112118278621,0.5385577028280151,0.0,Fake
0.7488041038025074,0.9719916208335039,0.7616052461471428,0.6208073698007605,0.9784686115904486,0.8308365065526988,0.5944130768510315,0.612664207537311,0.6196999530963652,0.5425800403553496,1.0,Real
0.8157713608214591,0.7529424986540985,0.8509291853950229,0.8387721200612067,0.6968938933588464,0.6639597340654648,0.765278444289298,0.7298635203438262,0.3629759838445883,0.529871210137134,1.0,Real
0.6655622147148247,0.34778159921027957,0.187397125547974,0.4573299079276994,0.39515230462235085,0.3535226503867314,0.15492679454435,0.6107015863869518,0.482940549066622,0.23941583252653958,0.0,Fake
0.7645493947489077,0.839273553815537,0.6272668975149791,1.0,0.5990973927750447,0.5678717080818402,0.9237166310250102,0.7962001253570963,0.8067236545644787,0.844251826389642,1.0,Real
0.8155107827600264,0.8106442132442546,0.9353673287733231,0.5893419480526427,0.8520324158175674,0.9288761268716963,0.4832118623990225,0.5642304148787853,0.5041748226184507,0.7377715990347531,1.0,Real
0.5545787984438147,0.42783183913358575,0.3393758693964909,0.6221999920568184,0.5692938467621768,0.2248645425007575,0.08615056108024649,0.30940387252086854,0.18999228712047067,0.33729508507692896,0.0,Fake
0.8105595135504914,0.7463706590413626,0.6144447208904807,0.7986538922582405,0.5731440313260296,0.9281519082692345,0.680307405405241,0.49677583387786584,0.40742148305338355,0.7111642539443884,1.0,Real
0.7253076726673885,0.46640531341694536,0.40208845266671117,0.6880137321006174,0.14828906318475835,0.0,0.41993000945993875,0.03703944572758894,0.3690688398882616,0.29731035678355017,0.0,Fake
0.6271126832829418,0.47394228919322723,0.2229275222348741,0.7044145887516328,0.22513092205735516,0.3130949284688301,0.22905106709235742,0.0,0.5294132393774265,0.6049750082557444,0.0,Fake
0.8562321634884835,0.7849824196895252,0.8929704950869868,0.7930686247802736,0.6581343938039343,0.8042255287809152,0.5784410689019007,0.7235020821081205,0.46371327971549325,0.718782471409119,1.0,Real
0.6386758903848317,0.17540778190925987,0.5262815057847142,0.7051562963539689,0.16674517988725499,0.6210885602210992,0.5840397418393207,0.37685929944955854,0.36591957247520723,0.46081155422318143,0.0,Fake
0.35208754278395205,0.28959090010202715,0.2841104427305817,0.7307613008851944,0.4170116058168235,0.4132311914365556,0.44385351796170525,0.04288557535857879,0.5013577359973964,0.47249375880272043,0.0,Fake
0.40148439865423535,0.6150552180874075,0.5154230857131537,0.7459584223110121,0.09561619977745539,0.39227931349413175,0.5625314581575053,0.27487326684689284,0.620222817997343,0.6085490579036414,0.0,Fake
0.6818877061284504,0.7294577389546223,0.3813387456493049,1.0,0.38505735578678474,0.08265491222481386,0.2676353262072685,0.37638559335439137,0.2590904562513111,0.30626934451299276,0.0,Fake
0.4961303055427771,0.9794325479190921,0.7262988152131515,0.685967839507887,0.5981843437109748,0.5017714992201346,0.8734755875942872,0.38178705733968626,0.5971189402545257,0.5557381841904576,1.0,Real
0.4911289906814105,0.6483653021496517,0.9291164104571059,0.6028251703290477,0.6803393606535919,0.8193091339877845,0.8675085763923893,0.7700425931488556,0.4294216072659243,0.9633554792547762,1.0,Real
0.8494321903001119,0.9260210786227987,0.777153233805556,0.555475207806623,0.8099531927628962,0.6522964659312256,0.6707074977375365,0.8315924627254099,0.1972357922334796,0.7531907365104092,1.0,Real
0.6115150130833644,0.5472473091575499,0.6036190120534001,0.908046269491176,0.6075901666752086,1.0,0.8239976851321333,0.6701582145289613,0.5477044116537153,0.8550464819113487,1.0,Real
0.7961110046713651,0.8723605818808945,0.8790710232539618,0.6625383842146593,0.7249317429320383,0.792386992573245,0.7126963310724679,0.5685079785416797,0.5873354777649702,0.8602316679074726,1.0,Real
0.7670276017876873,0.849319601178157,0.9879025224218028,0.5643276751759727,1.0,0.45718683007162475,0.7272322357446626,0.9076151449704755,0.3560312942083791,0.6565950720269109,1.0,Real
0.8097728283750725,0.6905029316259211,0.3904657592845604,0.6458486165121144,0.2033934008952021,0.713612384511565,0.5050310988069566,0.4606080171704717,0.3968048908706296,0.3002942763851101,0.0,Fake
0.787728004535789,0.25574725185949604,0.0,0.8637708008611968,0.0,0.35569151623663176,0.0,0.2859404390926716,0.6786756311609068,0.42212957828715897,0.0,Fake
0.667221278116133,1.0,0.6653628602013917,0.7776826954795556,0.9813164928851813,1.0,1.0,0.715115563357414,0.6278727146994475,0.8388790423801775,1.0,Real
0.4047199902672405,0.4866446029577616,0.32703955024818726,0.5244578940404837,0.2185254892010551,0.34020699382830993,0.492282115893099,0.9725820402087683,0.5116072378804143,0.18038688039389825,0.0,Fake
0.589179148202159,0.3117974274758089,0.8154839706236502,0.8855902261629293,0.39556013466872425,0.5985403942935094,0.8428731391507797,0.4239642541030633,0.8296374860638316,0.6407995588156299,1.0,Real
0.8249865090606482,0.22717548699833673,0.378196539922412,0.8081495429358453,0.4890804949100597,0.1217982980494523,0.32769823457141123,0.1890067038294878,0.27246001671828773,0.26727686687407143,0.0,Fake
0.5347975008366301,0.5244630760056901,0.12139613758525425,0.5953421644152632,0.3370622789934963,0.36457481960310306,0.36463939820033886,0.31995140224034796,0.588341499421413,0.33325640803015755,0.0,Fake
0.6546236868587288,0.4544285091867871,0.12926603429392614,0.5125269490615953,0.19396017417650743,0.616114980807808,0.11064227071473764,0.5287395378778221,0.5285907740217538,0.7159240403432174,0.0,Fake
0.8510291576749807,0.18507754991304778,0.4053201531022361,0.8840551895573308,0.23067418827765393,0.7695878678264862,0.2448738132029231,0.35648140266802725,0.21550288079873273,0.39465416718405216,0.0,Fake
0.8548242630303802,0.8131459416584085,0.8238028271989198,0.6710947735998629,0.42699856201931335,0.9145729067630544,0.6781743815987393,0.711566474502777,0.0,0.6911981040121306,1.0,Real
0.6782255753865453,0.04085404266185333,0.6679677956361367,0.8230830254331845,0.6299189290291587,0.08157445030297694,0.07683516891691217,0.3202061380465406,0.4505568853790388,0.7092721645853928,0.0,Fake
0.7740860971574797,0.7504569030230122,0.8155407254619524,0.9285969412179512,0.8924331203161986,0.5272653047325144,0.36691182976470677,0.33355536665070445,0.7605743317534757,0.7162851897160974,1.0,Real
0.33620630033949783,0.5284135199463441,0.2320215364488784,0.43714343572885045,0.3550421735080164,0.0413763544114259,0.3828589530741138,0.7892446284305599,0.4485972917028918,0.33849644939890733,0.0,Fake
0.7536765261388414,0.8246997436868174,0.9676715411692562,0.8938906239127811,1.0,0.6348978655667926,0.8808480955081017,0.512656931399341,0.8908441283845849,0.6287552571967273,1.0,Real
